team,week,name,nflteam,position,score,started
1,1,Andrew Luck,QB,24.92,true
1,1,Marques Colston,WR,12.80,true
1,1,Danny Amendola,WR,10.40,true
1,1,Kenbrell Thompkins,WR,4.20,true
1,1,Doug Martin,RB,10.40,true
1,1,Trent Richardson,RB,7.70,true
1,1,Vernon Davis,TE,21.80,true
1,1,Cam Newton,BN,12.80,false
1,1,Tavon Austin,BN,4.00,false
1,1,Darren Sproles,BN,11.00,false
1,1,Emmanuel Sanders,BN,5.70,false
1,1,Vincent Brown,BN,7.30,false
1,1,Bernard Pierce,BN,2.20,false
1,1,Garrett Hartley,K,12.00,true
1,1,New England,DEF,5.00,true
1,2,Cam Newton,QB,17.66,true
1,2,Marques Colston,WR,6.30,true
1,2,Julian Edelman,WR,8.20,true
1,2,Emmanuel Sanders,WR,7.80,true
1,2,Doug Martin,RB,14.40,true
1,2,Trent Richardson,RB,7.90,true
1,2,Vernon Davis,TE,2.00,true
1,2,Tavon Austin,BN,17.50,false
1,2,Danny Amendola,BN,0.00,false
1,2,Kenbrell Thompkins,BN,4.70,false
1,2,Andrew Luck,BN,19.64,false
1,2,Darren Sproles,BN,6.20,false
1,2,Vincent Brown,BN,2.60,false
1,2,Garrett Hartley,K,12.00,true
1,2,New England,DEF,16.00,true
1,3,Cam Newton,QB,30.42,true
1,3,Marques Colston,WR,7.10,true
1,3,Tavon Austin,WR,3.30,true
1,3,Julian Edelman,WR,4.40,true
1,3,Doug Martin,RB,10.80,true
1,3,Darren Sproles,RB,5.60,true
1,3,Charles Clay,TE,4.00,true
1,3,Vernon Davis,BN,0.00,false
1,3,Trent Richardson,BN,9.50,false
1,3,Danny Amendola,BN,0.00,false
1,3,Emmanuel Sanders,BN,3.90,false
1,3,Kenbrell Thompkins,BN,16.10,false
1,3,Andrew Luck,BN,14.76,false
1,3,Garrett Hartley,K,7.00,true
1,3,New England,DEF,12.00,true
1,4,Andrew Luck,QB,19.88,true
1,4,Marques Colston,WR,9.60,true
1,4,Tavon Austin,WR,0.60,true
1,4,Julian Edelman,WR,11.80,true
1,4,Doug Martin,RB,6.10,true
1,4,Trent Richardson,RB,12.60,true
1,4,Vernon Davis,TE,7.80,true
1,4,Cam Newton,BN,0.00,false
1,4,Danny Amendola,BN,0.00,false
1,4,Kenbrell Thompkins,BN,18.70,false
1,4,Santonio Holmes,BN,2.50,false
1,4,Heath Miller,BN,7.00,false
1,4,Eddie Lacy,BN,0.00,false
1,4,Garrett Hartley,K,8.00,true
1,4,Pittsburgh,DEF,0.00,true
1,5,Cam Newton,QB,9.82,true
1,5,Marques Colston,WR,1.50,true
1,5,Danny Amendola,WR,5.50,true
1,5,Kenbrell Thompkins,WR,1.60,true
1,5,Trent Richardson,RB,5.60,true
1,5,Eddie Lacy,RB,9.70,true
1,5,Vernon Davis,TE,0.00,true
1,5,Julian Edelman,BN,4.20,false
1,5,Tavon Austin,BN,3.20,false
1,5,Doug Martin,BN,0.00,false
1,5,Andrew Luck,BN,18.06,false
1,5,Heath Miller,BN,0.00,false
1,5,LeGarrette Blount,BN,3.10,false
1,5,Greg Zuerlein,K,10.00,true
1,5,Carolina,DEF,9.00,true
1,6,Andrew Luck,QB,8.98,true
1,6,Marques Colston,WR,1.10,true
1,6,Danny Amendola,WR,0.10,true
1,6,James Jones,WR,1.00,true
1,6,Trent Richardson,RB,5.30,true
1,6,Doug Martin,RB,9.10,true
1,6,Vernon Davis,TE,30.00,true
1,6,Vincent Brown,BN,3.10,false
1,6,Kenbrell Thompkins,BN,10.50,false
1,6,Eddie Lacy,BN,12.50,false
1,6,Julian Edelman,BN,5.70,false
1,6,Heath Miller,BN,8.40,false
1,6,Zac Stacy,BN,9.00,false
1,6,Ryan Succop,K,6.00,true
1,6,Carolina,DEF,11.00,true
1,7,Andrew Luck,QB,30.02,true
1,7,Kenbrell Thompkins,WR,1.60,true
1,7,Keenan Allen,WR,6.70,true
1,7,Steve Smith Sr.,WR,12.90,true
1,7,Eddie Lacy,RB,16.80,true
1,7,Doug Martin,RB,0.00,true
1,7,Vernon Davis,TE,6.20,true
1,7,Nick Foles,BN,5.70,false
1,7,James Jones,BN,0.00,false
1,7,Marques Colston,BN,0.00,false
1,7,Heath Miller,BN,5.70,false
1,7,Zac Stacy,BN,14.70,false
1,7,Le'Veon Bell,BN,9.90,false
1,7,Mason Crosby,K,7.00,true
1,7,Los Angeles,DEF,15.00,true
1,8,Ben Roethlisberger,QB,13.10,true
1,8,Steve Smith Sr.,WR,0.00,true
1,8,Marques Colston,WR,1.80,true
1,8,Jarrett Boykin,WR,8.90,true
1,8,Eddie Lacy,RB,17.20,true
1,8,Le'Veon Bell,RB,11.10,true
1,8,Vernon Davis,TE,11.20,true
1,8,Andrew Luck,BN,0.00,false
1,8,James Jones,BN,0.00,false
1,8,Doug Martin,BN,0.00,false
1,8,Heath Miller,BN,1.90,false
1,8,Zac Stacy,BN,12.90,false
1,8,Darrius Heyward-Bey,BN,0.00,false
1,8,Mason Crosby,K,15.00,true
1,8,Carolina,DEF,9.00,true
1,9,Andrew Luck,QB,24.84,true
1,9,Steve Smith Sr.,WR,5.20,true
1,9,Jarrett Boykin,WR,1.50,true
1,9,Marvin Jones Jr.,WR,0.00,true
1,9,Eddie Lacy,RB,21.00,true
1,9,Zac Stacy,RB,29.80,true
1,9,Heath Miller,TE,4.30,true
1,9,Le'Veon Bell,BN,13.90,false
1,9,Marques Colston,BN,0.00,false
1,9,James Jones,BN,1.70,false
1,9,Vernon Davis,BN,0.00,false
1,9,Doug Martin,BN,0.00,false
1,9,Darrius Heyward-Bey,BN,1.10,false
1,9,Mason Crosby,K,8.00,true
1,9,Indianapolis,DEF,1.00,true
1,10,Andrew Luck,QB,16.82,true
1,10,Steve Smith Sr.,WR,6.30,true
1,10,Riley Cooper,WR,22.20,true
1,10,Marvin Jones Jr.,WR,0.90,true
1,10,Eddie Lacy,RB,8.40,true
1,10,Zac Stacy,RB,0.00,true
1,10,Vernon Davis,TE,0.20,true
1,10,James Jones,BN,4.40,false
1,10,Le'Veon Bell,BN,0.00,false
1,10,Marques Colston,BN,16.70,false
1,10,Darrius Heyward-Bey,BN,3.00,false
1,10,Doug Baldwin,BN,7.60,false
1,10,Danny Woodhead,BN,10.40,false
1,10,Robbie Gould,K,7.00,true
1,10,Arizona,DEF,13.00,true
1,11,Andrew Luck,QB,18.38,true
1,11,Steve Smith Sr.,WR,6.20,true
1,11,Riley Cooper,WR,3.70,true
1,11,Marques Colston,WR,8.00,true
1,11,Eddie Lacy,RB,10.80,true
1,11,Le'Veon Bell,RB,8.80,true
1,11,Vernon Davis,TE,9.30,true
1,11,Brent Celek,BN,4.20,false
1,11,Marvin Jones Jr.,BN,0.80,false
1,11,Zac Stacy,BN,0.00,false
1,11,James Jones,BN,5.50,false
1,11,Doug Baldwin,BN,12.30,false
1,11,Danny Woodhead,BN,3.70,false
1,11,Ryan Succop,K,5.00,true
1,11,Arizona,DEF,7.00,true
1,12,Andrew Luck,QB,14.62,true
1,12,Steve Smith Sr.,WR,6.90,true
1,12,Marques Colston,WR,4.00,true
1,12,James Jones,WR,8.00,true
1,12,Eddie Lacy,RB,0.00,true
1,12,Zac Stacy,RB,15.70,true
1,12,Vernon Davis,TE,11.00,true
1,12,Riley Cooper,BN,0.00,false
1,12,Le'Veon Bell,BN,9.80,false
1,12,Brent Celek,BN,0.00,false
1,12,Marvin Jones Jr.,BN,0.00,false
1,12,Doug Baldwin,BN,0.00,false
1,12,Danny Woodhead,BN,19.00,false
1,12,David Akers,K,3.00,true
1,12,New Orleans,DEF,11.00,true
1,13,Andrew Luck,QB,11.20,true
1,13,Riley Cooper,WR,4.80,true
1,13,Rod Streater,WR,5.70,true
1,13,Nate Burleson,WR,0.00,true
1,13,Eddie Lacy,RB,3.90,true
1,13,Zac Stacy,RB,7.10,true
1,13,Vernon Davis,TE,14.20,true
1,13,Steve Smith Sr.,BN,5.10,false
1,13,James Jones,BN,7.90,false
1,13,Marques Colston,BN,2.70,false
1,13,Le'Veon Bell,BN,19.60,false
1,13,Doug Baldwin,BN,13.70,false
1,13,Danny Woodhead,BN,3.50,false
1,13,Robbie Gould,K,9.00,true
1,13,New England,DEF,2.00,true
1,14,Andrew Luck,QB,32.24,true
1,14,Riley Cooper,WR,9.40,true
1,14,Rod Streater,WR,19.00,true
1,14,Nate Burleson,WR,1.80,true
1,14,Eddie Lacy,RB,15.00,true
1,14,Le'Veon Bell,RB,8.00,true
1,14,Vernon Davis,TE,8.10,true
1,14,Zac Stacy,BN,8.20,false
1,14,Steve Smith Sr.,BN,10.90,false
1,14,James Jones,BN,1.90,false
1,14,Marques Colston,BN,24.50,false
1,14,Doug Baldwin,BN,3.60,false
1,14,Danny Woodhead,BN,15.40,false
1,14,Robbie Gould,K,13.00,true
1,14,New England,DEF,1.00,true
1,15,Andrew Luck,QB,17.10,true
1,15,Riley Cooper,WR,4.90,true
1,15,Rod Streater,WR,5.90,true
1,15,Marques Colston,WR,15.20,true
1,15,Eddie Lacy,RB,23.10,true
1,15,Zac Stacy,RB,20.30,true
1,15,Vernon Davis,TE,13.90,true
1,15,Nate Burleson,BN,5.10,false
1,15,Le'Veon Bell,BN,16.70,false
1,15,Steve Smith Sr.,BN,2.00,false
1,15,James Jones,BN,10.90,false
1,15,Doug Baldwin,BN,13.40,false
1,15,Danny Woodhead,BN,4.20,false
1,15,Robbie Gould,K,8.00,true
1,15,Philadelphia,DEF,1.00,true
1,16,Andrew Luck,QB,14.14,true
1,16,Riley Cooper,WR,11.30,true
1,16,Rod Streater,WR,0.20,true
1,16,Marques Colston,WR,6.30,true
1,16,Eddie Lacy,RB,21.00,true
1,16,Zac Stacy,RB,14.90,true
1,16,Vernon Davis,TE,0.00,true
1,16,Nate Burleson,BN,1.20,false
1,16,Le'Veon Bell,BN,16.90,false
1,16,Steve Smith Sr.,BN,4.40,false
1,16,James Jones,BN,8.40,false
1,16,Doug Baldwin,BN,0.80,false
1,16,Danny Woodhead,BN,6.80,false
1,16,Robbie Gould,K,5.00,true
1,16,Philadelphia,DEF,21.00,true
2,1,Eli Manning,QB,31.80,true
2,1,Brandon Marshall,WR,16.40,true
2,1,Torrey Smith,WR,9.20,true
2,1,Anquan Boldin,WR,26.80,true
2,1,LeSean McCoy,RB,24.90,true
2,1,David Wilson,RB,-2.10,true
2,1,Jimmy Graham,TE,10.50,true
2,1,Montee Ball,BN,2.40,false
2,1,Ryan Mathews,BN,11.50,false
2,1,Chris Givens,BN,2.70,false
2,1,Carson Palmer,BN,18.08,false
2,1,Josh Gordon,BN,0.00,false
2,1,Mikel Leshoure,BN,0.00,false
2,1,Alex Henery,K,8.00,true
2,1,Cincinnati,DEF,2.00,true
2,2,Eli Manning,QB,14.48,true
2,2,Brandon Marshall,WR,17.30,true
2,2,Torrey Smith,WR,8.50,true
2,2,Anquan Boldin,WR,0.70,true
2,2,LeSean McCoy,RB,16.70,true
2,2,David Wilson,RB,1.70,true
2,2,Jimmy Graham,TE,23.90,true
2,2,Montee Ball,BN,2.10,false
2,2,Ryan Mathews,BN,5.60,false
2,2,Chris Givens,BN,10.50,false
2,2,Carson Palmer,BN,12.72,false
2,2,Josh Gordon,BN,0.00,false
2,2,Mikel Leshoure,BN,0.00,false
2,2,Alex Henery,K,13.00,true
2,2,Cincinnati,DEF,10.00,true
2,3,Eli Manning,QB,5.16,true
2,3,Brandon Marshall,WR,5.20,true
2,3,Torrey Smith,WR,9.20,true
2,3,Anquan Boldin,WR,6.70,true
2,3,LeSean McCoy,RB,21.80,true
2,3,Ryan Mathews,RB,5.80,true
2,3,Jimmy Graham,TE,25.40,true
2,3,David Wilson,BN,3.90,false
2,3,Montee Ball,BN,4.10,false
2,3,Chris Givens,BN,3.00,false
2,3,Carson Palmer,BN,5.48,false
2,3,Josh Gordon,BN,22.80,false
2,3,Mikel Leshoure,BN,0.00,false
2,3,Alex Henery,K,4.00,true
2,3,Cincinnati,DEF,18.00,true
2,4,Eli Manning,QB,8.88,true
2,4,Brandon Marshall,WR,9.90,true
2,4,Torrey Smith,WR,0.00,true
2,4,Josh Gordon,WR,7.10,true
2,4,LeSean McCoy,RB,9.40,true
2,4,Ryan Mathews,RB,10.30,true
2,4,Jimmy Graham,TE,22.00,true
2,4,Anquan Boldin,BN,15.00,false
2,4,David Wilson,BN,6.30,false
2,4,Montee Ball,BN,2.40,false
2,4,Chris Givens,BN,4.90,false
2,4,Carson Palmer,BN,12.52,false
2,4,Mikel Leshoure,BN,0.00,false
2,4,Alex Henery,K,8.00,true
2,4,Cincinnati,DEF,6.00,true
2,5,Eli Manning,QB,18.36,true
2,5,Brandon Marshall,WR,9.00,true
2,5,Torrey Smith,WR,12.10,true
2,5,Josh Gordon,WR,14.60,true
2,5,LeSean McCoy,RB,0.00,true
2,5,Ryan Mathews,RB,0.80,true
2,5,Jimmy Graham,TE,13.50,true
2,5,Anquan Boldin,BN,2.10,false
2,5,David Wilson,BN,7.60,false
2,5,Montee Ball,BN,0.10,false
2,5,Chris Givens,BN,1.60,false
2,5,Carson Palmer,BN,7.70,false
2,5,Mikel Leshoure,BN,0.00,false
2,5,Alex Henery,K,20.00,true
2,5,Cincinnati,DEF,15.00,true
2,6,Eli Manning,QB,10.56,true
2,6,Brandon Marshall,WR,20.70,true
2,6,Torrey Smith,WR,1.20,true
2,6,Josh Gordon,WR,12.60,true
2,6,LeSean McCoy,RB,15.10,true
2,6,Ryan Mathews,RB,10.20,true
2,6,Jimmy Graham,TE,0.00,true
2,6,Anquan Boldin,BN,2.80,false
2,6,David Wilson,BN,0.00,false
2,6,Montee Ball,BN,1.50,false
2,6,Chris Givens,BN,2.00,false
2,6,Carson Palmer,BN,17.92,false
2,6,Pierre Thomas,BN,6.00,false
2,6,Alex Henery,K,7.00,true
2,6,Cincinnati,DEF,7.00,true
2,7,Eli Manning,QB,12.50,true
2,7,Brandon Marshall,WR,0.00,true
2,7,Torrey Smith,WR,6.10,true
2,7,Josh Gordon,WR,2.10,true
2,7,LeSean McCoy,RB,8.10,true
2,7,Ryan Mathews,RB,17.00,true
2,7,Jimmy Graham,TE,0.00,true
2,7,Anquan Boldin,BN,7.40,false
2,7,David Wilson,BN,0.00,false
2,7,Montee Ball,BN,0.00,false
2,7,Chris Givens,BN,2.40,false
2,7,Carson Palmer,BN,12.82,false
2,7,Pierre Thomas,BN,0.00,false
2,7,Alex Henery,K,3.00,true
2,7,Cincinnati,DEF,2.00,true
2,8,Eli Manning,QB,9.74,true
2,8,Anquan Boldin,WR,5.60,true
2,8,Josh Gordon,WR,19.20,true
2,8,Brandon Gibson,WR,6.40,true
2,8,LeSean McCoy,RB,6.50,true
2,8,Andre Ellington,RB,22.20,true
2,8,Tyler Eifert,TE,2.30,true
2,8,Jimmy Graham,BN,0.00,false
2,8,Torrey Smith,BN,0.00,false
2,8,Pierre Thomas,BN,9.40,false
2,8,Ryan Mathews,BN,0.00,false
2,8,Brandon Marshall,BN,0.00,false
2,8,Montee Ball,BN,9.80,false
2,8,Alex Henery,K,1.00,true
2,8,Cincinnati,DEF,24.00,true
2,9,Nick Foles,QB,45.64,true
2,9,Josh Gordon,WR,5.40,true
2,9,Brandon Gibson,WR,0.00,true
2,9,Brandon Marshall,WR,16.70,true
2,9,LeSean McCoy,RB,14.00,true
2,9,Ryan Mathews,RB,3.40,true
2,9,Tyler Eifert,TE,0.00,true
2,9,Eli Manning,BN,0.00,false
2,9,Andre Ellington,BN,0.00,false
2,9,Torrey Smith,BN,7.80,false
2,9,Anquan Boldin,BN,0.00,false
2,9,Jimmy Graham,BN,23.60,false
2,9,Pierre Thomas,BN,9.00,false
2,9,Alex Henery,K,0.00,true
2,9,Cincinnati,DEF,6.00,true
2,10,Nick Foles,QB,22.92,true
2,10,Brandon Marshall,WR,25.90,true
2,10,Torrey Smith,WR,10.60,true
2,10,Anquan Boldin,WR,2.30,true
2,10,LeSean McCoy,RB,16.10,true
2,10,Andre Ellington,RB,7.30,true
2,10,Jimmy Graham,TE,5.90,true
2,10,Ryan Mathews,BN,12.10,false
2,10,Brandon Gibson,BN,0.00,false
2,10,Josh Gordon,BN,0.00,false
2,10,Tyler Eifert,BN,5.50,false
2,10,Eli Manning,BN,8.30,false
2,10,Pierre Thomas,BN,23.10,false
2,10,Alex Henery,K,10.00,true
2,10,Cincinnati,DEF,12.00,true
2,11,Nick Foles,QB,22.62,true
2,11,Brandon Marshall,WR,4.20,true
2,11,Torrey Smith,WR,9.20,true
2,11,Josh Gordon,WR,18.50,true
2,11,LeSean McCoy,RB,27.00,true
2,11,Andre Ellington,RB,1.30,true
2,11,Jimmy Graham,TE,4.10,true
2,11,Anquan Boldin,BN,11.60,false
2,11,Ryan Mathews,BN,14.30,false
2,11,Brandon Gibson,BN,0.00,false
2,11,Tyler Eifert,BN,1.50,false
2,11,Eli Manning,BN,14.46,false
2,11,Pierre Thomas,BN,8.40,false
2,11,Alex Henery,K,6.00,true
2,11,Cincinnati,DEF,27.00,true
2,12,Case Keenum,QB,5.96,true
2,12,Brandon Marshall,WR,17.70,true
2,12,Torrey Smith,WR,7.40,true
2,12,Josh Gordon,WR,0.00,true
2,12,Pierre Thomas,RB,13.00,true
2,12,Bobby Rainey,RB,3.50,true
2,12,Jimmy Graham,TE,16.00,true
2,12,Andre Ellington,BN,7.10,false
2,12,LeSean McCoy,BN,0.00,false
2,12,Nick Foles,BN,0.00,false
2,12,Anquan Boldin,BN,0.00,false
2,12,Ryan Mathews,BN,0.00,false
2,12,Randy Bullock,K,0.00,true
2,12,Tennessee,DEF,5.00,true
2,12,Cincinnati,BN,0.00,false
2,13,Nick Foles,QB,23.68,true
2,13,Brandon Marshall,WR,4.50,true
2,13,Torrey Smith,WR,15.30,true
2,13,Josh Gordon,WR,38.10,true
2,13,Pierre Thomas,RB,2.10,true
2,13,LeSean McCoy,RB,11.50,true
2,13,Jimmy Graham,TE,10.20,true
2,13,Bobby Rainey,BN,7.10,false
2,13,Case Keenum,BN,16.48,false
2,13,Andre Ellington,BN,0.00,false
2,13,Anquan Boldin,BN,9.80,false
2,13,Ryan Mathews,BN,9.20,false
2,13,Randy Bullock,K,8.00,true
2,13,Cincinnati,DEF,12.00,true
2,13,Tennessee,BN,7.00,false
2,14,Nick Foles,QB,20.46,true
2,14,Brandon Marshall,WR,12.00,true
2,14,Torrey Smith,WR,3.10,true
2,14,Josh Gordon,WR,24.50,true
2,14,LeSean McCoy,RB,34.10,true
2,14,Bobby Rainey,RB,18.30,true
2,14,Jimmy Graham,TE,17.80,true
2,14,Pierre Thomas,BN,2.80,false
2,14,Case Keenum,BN,10.66,false
2,14,Andre Ellington,BN,12.30,false
2,14,Anquan Boldin,BN,9.30,false
2,14,Ryan Mathews,BN,19.50,false
2,14,Randy Bullock,K,8.00,true
2,14,Cincinnati,DEF,-1.00,true
2,14,Tennessee,BN,-4.00,false
2,15,Nick Foles,QB,34.22,true
2,15,Brandon Marshall,WR,15.50,true
2,15,Torrey Smith,WR,6.90,true
2,15,Josh Gordon,WR,12.70,true
2,15,LeSean McCoy,RB,10.60,true
2,15,Bobby Rainey,RB,3.00,true
2,15,Jimmy Graham,TE,2.50,true
2,15,Pierre Thomas,BN,8.30,false
2,15,Case Keenum,BN,4.92,false
2,15,Andre Ellington,BN,15.80,false
2,15,Anquan Boldin,BN,4.30,false
2,15,Ryan Mathews,BN,18.80,false
2,15,Randy Bullock,K,4.00,true
2,15,Cincinnati,DEF,2.00,true
2,15,Tennessee,BN,1.00,false
2,16,Nick Foles,QB,18.90,true
2,16,Brandon Marshall,WR,9.60,true
2,16,Josh Gordon,WR,11.90,true
2,16,Torrey Smith,WR,6.90,true
2,16,LeSean McCoy,RB,28.20,true
2,16,Ryan Mathews,RB,17.90,true
2,16,Jimmy Graham,TE,13.30,true
2,16,Bobby Rainey,BN,8.10,false
2,16,Anquan Boldin,BN,13.20,false
2,16,Pierre Thomas,BN,1.50,false
2,16,Case Keenum,BN,0.00,false
2,16,Andre Ellington,BN,7.20,false
2,16,Randy Bullock,K,8.00,true
2,16,Cincinnati,DEF,19.00,true
2,16,Tennessee,BN,7.00,false
3,1,Aaron Rodgers,QB,25.62,true
3,1,Randall Cobb,WR,17.40,true
3,1,Hakeem Nicks,WR,11.40,true
3,1,Lance Moore,WR,2.30,true
3,1,Alfred Morris,RB,9.40,true
3,1,Frank Gore,RB,12.50,true
3,1,Owen Daniels,TE,18.70,true
3,1,Greg Jennings,BN,3.30,false
3,1,Reggie Bush,BN,25.10,false
3,1,DeAngelo Williams,BN,8.00,false
3,1,Malcom Floyd,BN,4.70,false
3,1,Sam Bradford,BN,21.06,false
3,1,Johnathan Franklin,BN,0.00,false
3,1,Matt Bryant,K,5.00,true
3,1,Pittsburgh,DEF,4.00,true
3,2,Aaron Rodgers,QB,34.90,true
3,2,Randall Cobb,WR,18.80,true
3,2,Hakeem Nicks,WR,8.30,true
3,2,Jerome Simpson,WR,4.90,true
3,2,Alfred Morris,RB,12.00,true
3,2,Reggie Bush,RB,6.90,true
3,2,Owen Daniels,TE,8.40,true
3,2,Lance Moore,BN,1.50,false
3,2,Frank Gore,BN,3.00,false
3,2,Greg Jennings,BN,8.40,false
3,2,DeAngelo Williams,BN,8.50,false
3,2,Malcom Floyd,BN,10.20,false
3,2,Sam Bradford,BN,27.58,false
3,2,Matt Bryant,K,7.00,true
3,2,Kansas City,DEF,8.00,true
3,3,Aaron Rodgers,QB,14.16,true
3,3,Randall Cobb,WR,5.40,true
3,3,Hakeem Nicks,WR,0.00,true
3,3,Eddie Royal,WR,3.40,true
3,3,Alfred Morris,RB,13.30,true
3,3,Frank Gore,RB,10.30,true
3,3,Owen Daniels,TE,2.90,true
3,3,Reggie Bush,BN,0.00,false
3,3,Malcom Floyd,BN,0.00,false
3,3,Jerome Simpson,BN,2.90,false
3,3,Greg Jennings,BN,4.30,false
3,3,DeAngelo Williams,BN,11.70,false
3,3,Sam Bradford,BN,13.60,false
3,3,Matt Bryant,K,13.00,true
3,3,Kansas City,DEF,23.00,true
3,4,Philip Rivers,QB,27.04,true
3,4,Hakeem Nicks,WR,3.30,true
3,4,Eddie Royal,WR,4.20,true
3,4,Emmanuel Sanders,WR,5.70,true
3,4,Frank Gore,RB,19.30,true
3,4,Alfred Morris,RB,7.10,true
3,4,Owen Daniels,TE,7.20,true
3,4,Randall Cobb,BN,0.00,false
3,4,Reggie Bush,BN,23.30,false
3,4,Aaron Rodgers,BN,0.00,false
3,4,Greg Jennings,BN,21.20,false
3,4,DeAngelo Williams,BN,0.00,false
3,4,Sam Bradford,BN,8.68,false
3,4,Matt Bryant,K,12.00,true
3,4,Kansas City,DEF,19.00,true
3,5,Aaron Rodgers,QB,15.76,true
3,5,Eddie Royal,WR,0.60,true
3,5,Randall Cobb,WR,10.70,true
3,5,Hakeem Nicks,WR,14.20,true
3,5,Frank Gore,RB,14.10,true
3,5,Reggie Bush,RB,6.90,true
3,5,Owen Daniels,TE,6.00,true
3,5,Philip Rivers,BN,21.44,false
3,5,Greg Jennings,BN,0.00,false
3,5,DeAngelo Williams,BN,0.00,false
3,5,Sam Bradford,BN,21.28,false
3,5,Antonio Brown,BN,0.00,false
3,5,Brian Hartline,BN,6.00,false
3,5,Matt Bryant,K,4.00,true
3,5,Kansas City,DEF,16.00,true
3,6,Aaron Rodgers,QB,17.70,true
3,6,Randall Cobb,WR,5.30,true
3,6,Hakeem Nicks,WR,7.00,true
3,6,Antonio Brown,WR,9.20,true
3,6,Frank Gore,RB,10.10,true
3,6,Reggie Bush,RB,19.50,true
3,6,Garrett Graham,TE,2.50,true
3,6,Owen Daniels,BN,0.00,false
3,6,Philip Rivers,BN,13.38,false
3,6,Greg Jennings,BN,0.00,false
3,6,Sam Bradford,BN,17.08,false
3,6,Brian Hartline,BN,0.00,false
3,6,Garrett Hartley,K,9.00,true
3,6,Matt Bryant,BN,0.00,false
3,6,Kansas City,DEF,25.00,true
3,7,Aaron Rodgers,QB,23.60,true
3,7,Hakeem Nicks,WR,0.00,true
3,7,Antonio Brown,WR,5.30,true
3,7,Brandon LaFell,WR,0.00,true
3,7,Frank Gore,RB,22.40,true
3,7,Reggie Bush,RB,9.40,true
3,7,Scott Chandler,TE,1.80,true
3,7,Greg Jennings,BN,4.10,false
3,7,Philip Rivers,BN,15.80,false
3,7,Sam Bradford,BN,13.30,false
3,7,Nate Washington,BN,6.20,false
3,7,Percy Harvin,BN,0.00,false
3,7,Adam Vinatieri,K,16.00,true
3,7,Garrett Hartley,BN,0.00,false
3,7,Kansas City,DEF,8.00,true
3,8,Aaron Rodgers,QB,22.50,true
3,8,Hakeem Nicks,WR,5.10,true
3,8,Antonio Brown,WR,8.40,true
3,8,Brandon LaFell,WR,2.30,true
3,8,Frank Gore,RB,17.70,true
3,8,Reggie Bush,RB,16.20,true
3,8,Scott Chandler,TE,7.20,true
3,8,Greg Jennings,BN,0.90,false
3,8,Philip Rivers,BN,0.00,false
3,8,Sam Bradford,BN,0.00,false
3,8,Nate Washington,BN,0.00,false
3,8,Percy Harvin,BN,0.00,false
3,8,Nick Folk,K,13.00,true
3,8,Garrett Hartley,BN,5.00,false
3,8,Kansas City,DEF,4.00,true
3,9,Aaron Rodgers,QB,1.98,true
3,9,Antonio Brown,WR,13.10,true
3,9,Brandon LaFell,WR,7.40,true
3,9,Marlon Brown,WR,19.40,true
3,9,James Starks,RB,10.00,true
3,9,Donald Brown,RB,4.90,true
3,9,Scott Chandler,TE,2.60,true
3,9,Reggie Bush,BN,0.00,false
3,9,Frank Gore,BN,0.00,false
3,9,Hakeem Nicks,BN,0.00,false
3,9,Philip Rivers,BN,21.04,false
3,9,Percy Harvin,BN,0.00,false
3,9,Nick Folk,K,16.00,true
3,9,Garrett Hartley,BN,11.00,false
3,9,Kansas City,DEF,22.00,true
3,10,Philip Rivers,QB,13.42,true
3,10,Antonio Brown,WR,0.00,true
3,10,Brandon LaFell,WR,4.80,true
3,10,Marlon Brown,WR,1.00,true
3,10,Reggie Bush,RB,11.30,true
3,10,Frank Gore,RB,0.00,true
3,10,Garrett Graham,TE,1.80,true
3,10,Aaron Rodgers,BN,0.00,false
3,10,Donald Brown,BN,0.00,false
3,10,Hakeem Nicks,BN,4.90,false
3,10,Percy Harvin,BN,0.00,false
3,10,Garrett Hartley,K,7.00,true
3,10,Nick Folk,BN,0.00,false
3,10,Miami,DEF,5.00,true
3,10,Kansas City,BN,0.00,false
3,11,Philip Rivers,QB,15.52,true
3,11,Antonio Brown,WR,25.90,true
3,11,Brandon LaFell,WR,11.90,true
3,11,Percy Harvin,WR,1.70,true
3,11,Reggie Bush,RB,3.40,true
3,11,Frank Gore,RB,5.60,true
3,11,Garrett Graham,TE,17.60,true
3,11,Marlon Brown,BN,0.00,false
3,11,Aaron Rodgers,BN,0.00,false
3,11,Hakeem Nicks,BN,5.00,false
3,11,Heath Miller,BN,6.70,false
3,11,Garrett Hartley,K,12.00,true
3,11,Nick Folk,BN,2.00,false
3,11,Kansas City,DEF,2.00,true
3,11,Miami,BN,6.00,false
3,12,Philip Rivers,QB,27.78,true
3,12,Antonio Brown,WR,14.40,true
3,12,Brandon LaFell,WR,3.60,true
3,12,Santana Moss,WR,2.70,true
3,12,Reggie Bush,RB,0.00,true
3,12,Frank Gore,RB,3.40,true
3,12,Garrett Graham,TE,3.20,true
3,12,Percy Harvin,BN,0.00,false
3,12,Aaron Rodgers,BN,0.00,false
3,12,Hakeem Nicks,BN,0.00,false
3,12,Heath Miller,BN,4.10,false
3,12,Garrett Hartley,K,6.00,true
3,12,Nick Folk,BN,3.00,false
3,12,Kansas City,DEF,-3.00,true
3,12,Miami,BN,8.00,false
3,13,Philip Rivers,QB,13.48,true
3,13,Antonio Brown,WR,5.90,true
3,13,Brandon LaFell,WR,9.60,true
3,13,Percy Harvin,WR,0.00,true
3,13,Reggie Bush,RB,22.20,true
3,13,Frank Gore,RB,8.90,true
3,13,Garrett Graham,TE,3.60,true
3,13,Santana Moss,BN,2.50,false
3,13,Aaron Rodgers,BN,0.00,false
3,13,Hakeem Nicks,BN,3.40,false
3,13,Heath Miller,BN,8.60,false
3,13,Garrett Hartley,K,1.00,true
3,13,Nick Folk,BN,3.00,false
3,13,Kansas City,DEF,6.00,true
3,13,Miami,BN,17.00,false
3,14,Philip Rivers,QB,19.96,true
3,14,Antonio Brown,WR,19.80,true
3,14,Brandon LaFell,WR,2.20,true
3,14,Percy Harvin,WR,0.00,true
3,14,Reggie Bush,RB,0.00,true
3,14,Frank Gore,RB,11.00,true
3,14,Garrett Graham,TE,13.30,true
3,14,Aaron Rodgers,BN,0.00,false
3,14,Hakeem Nicks,BN,13.50,false
3,14,Heath Miller,BN,5.60,false
3,14,Jerricho Cotchery,BN,11.70,false
3,14,Garrett Hartley,K,7.00,true
3,14,Nick Folk,BN,16.00,false
3,14,Kansas City,DEF,26.00,true
3,14,Miami,BN,5.00,false
3,15,Philip Rivers,QB,15.54,true
3,15,Antonio Brown,WR,18.70,true
3,15,Jerricho Cotchery,WR,0.20,true
3,15,Hakeem Nicks,WR,0.50,true
3,15,Reggie Bush,RB,16.10,true
3,15,Frank Gore,RB,8.60,true
3,15,Garrett Graham,TE,0.00,true
3,15,Brandon LaFell,BN,6.70,false
3,15,Percy Harvin,BN,0.00,false
3,15,Aaron Rodgers,BN,0.00,false
3,15,Heath Miller,BN,3.50,false
3,15,Garrett Hartley,K,5.00,true
3,15,Nick Folk,BN,10.00,false
3,15,Kansas City,DEF,19.00,true
3,15,Miami,BN,4.00,false
3,16,Philip Rivers,QB,8.74,true
3,16,Antonio Brown,WR,10.50,true
3,16,Jerricho Cotchery,WR,0.90,true
3,16,Hakeem Nicks,WR,5.20,true
3,16,Reggie Bush,RB,2.40,true
3,16,Frank Gore,RB,16.30,true
3,16,Garrett Graham,TE,0.00,true
3,16,Brandon LaFell,BN,1.30,false
3,16,Percy Harvin,BN,0.00,false
3,16,Aaron Rodgers,BN,0.00,false
3,16,Heath Miller,BN,1.70,false
3,16,Garrett Hartley,K,0.00,true
3,16,Nick Folk,BN,6.00,false
3,16,Kansas City,DEF,1.00,true
3,16,Miami,BN,4.00,false
4,1,Matthew Stafford,QB,20.98,true
4,1,Demaryius Thomas,WR,28.10,true
4,1,Vincent Jackson,WR,15.40,true
4,1,Reggie Wayne,WR,15.60,true
4,1,Arian Foster,RB,9.00,true
4,1,Steven Jackson,RB,12.20,true
4,1,Antonio Gates,TE,4.90,true
4,1,Chris Ivory,BN,1.50,false
4,1,Rob Gronkowski,BN,0.00,false
4,1,Stevie Johnson,BN,9.90,false
4,1,Tony Romo,BN,17.42,false
4,1,Fred Jackson,BN,10.80,false
4,1,David Akers,K,11.00,true
4,1,Tampa Bay,DEF,10.00,true
4,1,Los Angeles,BN,9.00,false
4,2,Matthew Stafford,QB,17.22,true
4,2,Demaryius Thomas,WR,5.20,true
4,2,Vincent Jackson,WR,7.70,true
4,2,Reggie Wayne,WR,4.60,true
4,2,Arian Foster,RB,16.50,true
4,2,Steven Jackson,RB,6.80,true
4,2,Antonio Gates,TE,10.40,true
4,2,Chris Ivory,BN,5.20,false
4,2,Rob Gronkowski,BN,0.00,false
4,2,Stevie Johnson,BN,17.10,false
4,2,Tony Romo,BN,14.22,false
4,2,Fred Jackson,BN,12.50,false
4,2,Greg Zuerlein,K,6.00,true
4,2,Baltimore,DEF,12.00,true
4,2,Los Angeles,BN,2.00,false
4,3,Matthew Stafford,QB,22.60,true
4,3,Demaryius Thomas,WR,9.40,true
4,3,Vincent Jackson,WR,3.40,true
4,3,Reggie Wayne,WR,6.30,true
4,3,Arian Foster,RB,5.20,true
4,3,Fred Jackson,RB,10.90,true
4,3,Antonio Gates,TE,11.50,true
4,3,Steven Jackson,BN,0.00,false
4,3,Chris Ivory,BN,0.50,false
4,3,Rob Gronkowski,BN,0.00,false
4,3,Stevie Johnson,BN,10.60,false
4,3,Tony Romo,BN,20.40,false
4,3,Greg Zuerlein,K,1.00,true
4,3,Minnesota,DEF,10.00,true
4,3,Los Angeles,BN,2.00,false
4,4,Tony Romo,QB,19.34,true
4,4,Demaryius Thomas,WR,20.60,true
4,4,Reggie Wayne,WR,16.00,true
4,4,Stevie Johnson,WR,-0.10,true
4,4,Arian Foster,RB,23.10,true
4,4,Fred Jackson,RB,14.70,true
4,4,Antonio Gates,TE,19.60,true
4,4,Rob Gronkowski,BN,0.00,false
4,4,Matthew Stafford,BN,17.48,false
4,4,Vincent Jackson,BN,2.70,false
4,4,Steven Jackson,BN,0.00,false
4,4,Chris Ivory,BN,0.00,false
4,4,Dan Bailey,K,3.00,true
4,4,Minnesota,DEF,9.00,true
4,4,Chicago,BN,6.00,false
4,5,Matthew Stafford,QB,14.38,true
4,5,Demaryius Thomas,WR,5.70,true
4,5,Reggie Wayne,WR,8.50,true
4,5,Stevie Johnson,WR,1.90,true
4,5,Arian Foster,RB,11.80,true
4,5,Fred Jackson,RB,21.30,true
4,5,Antonio Gates,TE,7.40,true
4,5,Tony Romo,BN,41.94,false
4,5,Rob Gronkowski,BN,0.00,false
4,5,Vincent Jackson,BN,0.00,false
4,5,Steven Jackson,BN,0.00,false
4,5,Chris Ivory,BN,2.70,false
4,5,Dan Bailey,K,0.00,true
4,5,Chicago,DEF,1.00,true
4,5,Minnesota,BN,0.00,false
4,6,Tony Romo,QB,9.80,true
4,6,Demaryius Thomas,WR,7.80,true
4,6,Reggie Wayne,WR,8.80,true
4,6,Vincent Jackson,WR,23.40,true
4,6,Arian Foster,RB,0.00,true
4,6,Fred Jackson,RB,4.80,true
4,6,Antonio Gates,TE,2.80,true
4,6,Rob Gronkowski,BN,0.00,false
4,6,Stevie Johnson,BN,0.00,false
4,6,Matthew Stafford,BN,25.52,false
4,6,Steven Jackson,BN,0.00,false
4,6,Chris Ivory,BN,1.60,false
4,6,Dan Bailey,K,7.00,true
4,6,Chicago,DEF,13.00,true
4,6,Minnesota,BN,-3.00,false
4,7,Tony Romo,QB,14.88,true
4,7,Demaryius Thomas,WR,14.20,true
4,7,Reggie Wayne,WR,5.00,true
4,7,Vincent Jackson,WR,25.80,true
4,7,Arian Foster,RB,1.10,true
4,7,Fred Jackson,RB,14.50,true
4,7,Rob Gronkowski,TE,11.40,true
4,7,Antonio Gates,BN,3.10,false
4,7,Stevie Johnson,BN,6.10,false
4,7,Matthew Stafford,BN,26.28,false
4,7,Steven Jackson,BN,0.00,false
4,7,DeAngelo Williams,BN,5.90,false
4,7,Dan Bailey,K,5.00,true
4,7,(Empty),DEF,0.00,true
4,7,Minnesota,BN,10.00,false
4,7,Chicago,BN,5.00,false
4,8,Matthew Stafford,QB,28.72,true
4,8,Demaryius Thomas,WR,13.50,true
4,8,Vincent Jackson,WR,7.90,true
4,8,Stevie Johnson,WR,0.00,true
4,8,Fred Jackson,RB,11.30,true
4,8,DeAngelo Williams,RB,11.10,true
4,8,Rob Gronkowski,TE,2.70,true
4,8,Tony Romo,BN,20.84,false
4,8,Arian Foster,BN,0.00,false
4,8,Antonio Gates,BN,0.00,false
4,8,Steven Jackson,BN,1.30,false
4,8,Julian Edelman,BN,0.70,false
4,8,Dan Bailey,K,17.00,true
4,8,New York,DEF,-1.00,true
4,8,Chicago,BN,0.00,false
4,9,Tony Romo,QB,21.28,true
4,9,Vincent Jackson,WR,1.10,true
4,9,Stevie Johnson,WR,4.60,true
4,9,Kenny Stills,WR,3.50,true
4,9,Fred Jackson,RB,9.90,true
4,9,Arian Foster,RB,0.00,true
4,9,Rob Gronkowski,TE,20.30,true
4,9,Demaryius Thomas,BN,0.00,false
4,9,DeAngelo Williams,BN,5.40,false
4,9,Matthew Stafford,BN,0.00,false
4,9,Antonio Gates,BN,5.30,false
4,9,Steven Jackson,BN,7.60,false
4,9,Dan Bailey,K,11.00,true
4,9,Chicago,DEF,8.00,true
4,9,New York,BN,7.00,false
4,10,Matthew Stafford,QB,19.66,true
4,10,Vincent Jackson,WR,2.80,true
4,10,Demaryius Thomas,WR,0.00,true
4,10,Kenny Stills,WR,13.50,true
4,10,Fred Jackson,RB,6.20,true
4,10,Steven Jackson,RB,0.00,true
4,10,Antonio Gates,TE,6.20,true
4,10,DeAngelo Williams,BN,10.60,false
4,10,Arian Foster,BN,0.00,false
4,10,Stevie Johnson,BN,4.80,false
4,10,Rob Gronkowski,BN,0.00,false
4,10,Tony Romo,BN,9.12,false
4,10,Dan Bailey,K,5.00,true
4,10,Chicago,DEF,2.00,true
4,10,New York,BN,0.00,false
4,11,Matthew Stafford,QB,23.88,true
4,11,Vincent Jackson,WR,22.50,true
4,11,Demaryius Thomas,WR,12.10,true
4,11,Kenny Stills,WR,1.10,true
4,11,Fred Jackson,RB,3.90,true
4,11,Andre Brown,RB,9.30,true
4,11,Rob Gronkowski,TE,11.90,true
4,11,Steven Jackson,BN,6.50,false
4,11,Antonio Gates,BN,11.20,false
4,11,DeAngelo Williams,BN,2.50,false
4,11,Stevie Johnson,BN,0.00,false
4,11,Tony Romo,BN,0.00,false
4,11,Jay Feely,K,9.00,true
4,11,New York,DEF,0.00,true
4,11,Chicago,BN,14.00,false
4,12,Matthew Stafford,QB,20.48,true
4,12,Vincent Jackson,WR,6.10,true
4,12,Kenny Stills,WR,2.20,true
4,12,Demaryius Thomas,WR,10.10,true
4,12,Rashad Jennings,RB,12.20,true
4,12,Andre Brown,RB,15.80,true
4,12,Rob Gronkowski,TE,15.00,true
4,12,Chris Ogbonnaya,BN,2.10,false
4,12,Tavon Austin,BN,16.40,false
4,12,Steven Jackson,BN,13.90,false
4,12,Fred Jackson,BN,0.00,false
4,12,Antonio Gates,BN,2.10,false
4,12,Tony Romo,BN,16.46,false
4,12,Dan Bailey,K,6.00,true
4,12,Chicago,DEF,-2.00,true
4,13,Matthew Stafford,QB,22.00,true
4,13,Vincent Jackson,WR,7.50,true
4,13,Demaryius Thomas,WR,10.60,true
4,13,Tavon Austin,WR,3.50,true
4,13,Rashad Jennings,RB,16.30,true
4,13,Andre Brown,RB,17.80,true
4,13,Rob Gronkowski,TE,18.70,true
4,13,Kenny Stills,BN,0.30,false
4,13,Chris Ogbonnaya,BN,3.40,false
4,13,Steven Jackson,BN,20.40,false
4,13,Fred Jackson,BN,19.80,false
4,13,Antonio Gates,BN,2.10,false
4,13,Tony Romo,BN,12.90,false
4,13,Dan Bailey,K,7.00,true
4,13,Chicago,DEF,7.00,true
4,14,Matthew Stafford,QB,5.94,true
4,14,Vincent Jackson,WR,13.00,true
4,14,Demaryius Thomas,WR,14.80,true
4,14,Tavon Austin,WR,6.50,true
4,14,Andre Brown,RB,7.60,true
4,14,Steven Jackson,RB,8.00,true
4,14,Rob Gronkowski,TE,3.20,true
4,14,Rashad Jennings,BN,0.00,false
4,14,Kenny Stills,BN,2.20,false
4,14,Chris Ogbonnaya,BN,3.30,false
4,14,Fred Jackson,BN,3.80,false
4,14,Antonio Gates,BN,5.00,false
4,14,Tony Romo,BN,16.06,false
4,14,Dan Bailey,K,4.00,true
4,14,Chicago,DEF,1.00,true
4,15,Matthew Stafford,QB,11.30,true
4,15,Vincent Jackson,WR,11.80,true
4,15,Demaryius Thomas,WR,4.50,true
4,15,Tavon Austin,WR,0.00,true
4,15,Andre Brown,RB,2.60,true
4,15,Steven Jackson,RB,16.30,true
4,15,Rob Gronkowski,TE,0.00,true
4,15,Rashad Jennings,BN,22.30,false
4,15,Kenny Stills,BN,5.00,false
4,15,Chris Ogbonnaya,BN,4.60,false
4,15,Fred Jackson,BN,8.80,false
4,15,Antonio Gates,BN,2.30,false
4,15,Tony Romo,BN,20.32,false
4,15,Dan Bailey,K,24.00,true
4,15,Chicago,DEF,11.00,true
4,16,Matthew Stafford,QB,8.78,true
4,16,Vincent Jackson,WR,9.80,true
4,16,Demaryius Thomas,WR,18.30,true
4,16,Tavon Austin,WR,0.00,true
4,16,Andre Brown,RB,3.40,true
4,16,Steven Jackson,RB,10.90,true
4,16,Rob Gronkowski,TE,0.00,true
4,16,Rashad Jennings,BN,7.20,false
4,16,Kenny Stills,BN,2.60,false
4,16,Chris Ogbonnaya,BN,1.20,false
4,16,Fred Jackson,BN,17.80,false
4,16,Antonio Gates,BN,4.20,false
4,16,Tony Romo,BN,15.94,false
4,16,Dan Bailey,K,6.00,true
4,16,Chicago,DEF,0.00,true
5,1,Tom Brady,QB,16.12,true
5,1,A.J. Green,WR,28.20,true
5,1,Dez Bryant,WR,2.20,true
5,1,James Jones,WR,0.00,true
5,1,Lamar Miller,RB,1.00,true
5,1,Darren McFadden,RB,12.60,true
5,1,Tony Gonzalez,TE,9.60,true
5,1,Eddie Lacy,BN,11.20,false
5,1,Mike Vick,BN,25.52,false
5,1,Denarius Moore,BN,10.30,false
5,1,Mark Ingram II,BN,1.10,false
5,1,Mohamed Sanu,BN,-0.10,false
5,1,Martellus Bennett,BN,10.90,false
5,1,Justin Tucker,K,9.00,true
5,1,Chicago,DEF,7.00,true
5,2,Mike Vick,QB,34.32,true
5,2,A.J. Green,WR,4.10,true
5,2,Dez Bryant,WR,20.10,true
5,2,Denarius Moore,WR,0.00,true
5,2,Darren McFadden,RB,13.70,true
5,2,Eddie Lacy,RB,1.00,true
5,2,Tony Gonzalez,TE,3.30,true
5,2,James Jones,BN,15.80,false
5,2,Lamar Miller,BN,13.50,false
5,2,Tom Brady,BN,11.20,false
5,2,Mark Ingram II,BN,2.00,false
5,2,Mohamed Sanu,BN,4.40,false
5,2,Martellus Bennett,BN,19.60,false
5,2,Justin Tucker,K,2.00,true
5,2,Chicago,DEF,13.00,true
5,3,Mike Vick,QB,17.94,true
5,3,A.J. Green,WR,10.60,true
5,3,Dez Bryant,WR,9.80,true
5,3,James Jones,WR,9.40,true
5,3,Darren McFadden,RB,11.54,true
5,3,Lamar Miller,RB,6.40,true
5,3,Tony Gonzalez,TE,2.40,true
5,3,Denarius Moore,BN,18.40,false
5,3,Eddie Lacy,BN,0.00,false
5,3,Tom Brady,BN,16.50,false
5,3,Mark Ingram II,BN,0.00,false
5,3,Mohamed Sanu,BN,6.80,false
5,3,Martellus Bennett,BN,1.00,false
5,3,Justin Tucker,K,14.00,true
5,3,Chicago,DEF,25.00,true
5,4,Mike Vick,QB,14.02,true
5,4,A.J. Green,WR,5.10,true
5,4,Dez Bryant,WR,20.10,true
5,4,Denarius Moore,WR,6.60,true
5,4,Darren McFadden,RB,2.90,true
5,4,Bilal Powell,RB,10.80,true
5,4,Tony Gonzalez,TE,26.90,true
5,4,Lamar Miller,BN,12.80,false
5,4,James Jones,BN,0.00,false
5,4,Tom Brady,BN,20.44,false
5,4,Martellus Bennett,BN,9.00,false
5,4,Alshon Jeffery,BN,21.40,false
5,4,Jason Snelling,BN,3.40,false
5,4,Justin Tucker,K,8.00,true
5,4,Tampa Bay,DEF,11.00,true
5,5,Mike Vick,QB,0.00,true
5,5,A.J. Green,WR,6.10,true
5,5,Dez Bryant,WR,24.10,true
5,5,James Jones,WR,18.70,true
5,5,Bilal Powell,RB,4.70,true
5,5,Darren Sproles,RB,4.10,true
5,5,Tony Gonzalez,TE,9.70,true
5,5,Denarius Moore,BN,14.40,false
5,5,Darren McFadden,BN,0.00,false
5,5,Lamar Miller,BN,1.50,false
5,5,Tom Brady,BN,0.00,false
5,5,Martellus Bennett,BN,5.60,false
5,5,Alshon Jeffery,BN,27.80,false
5,5,Justin Tucker,K,18.00,true
5,5,Baltimore,DEF,7.00,true
5,6,Cam Newton,QB,30.68,true
5,6,Dez Bryant,WR,3.60,true
5,6,Alshon Jeffery,WR,4.20,true
5,6,A.J. Green,WR,16.30,true
5,6,Bilal Powell,RB,5.00,true
5,6,Darren Sproles,RB,7.30,true
5,6,Martellus Bennett,TE,6.80,true
5,6,Mike Vick,BN,0.00,false
5,6,Tony Gonzalez,BN,0.00,false
5,6,Denarius Moore,BN,14.20,false
5,6,Darren McFadden,BN,8.30,false
5,6,Lamar Miller,BN,0.00,false
5,6,Tom Brady,BN,15.36,false
5,6,Justin Tucker,K,5.00,true
5,6,Baltimore,DEF,8.00,true
5,7,Cam Newton,QB,14.76,true
5,7,Dez Bryant,WR,0.00,true
5,7,Alshon Jeffery,WR,12.10,true
5,7,A.J. Green,WR,21.50,true
5,7,Bilal Powell,RB,0.60,true
5,7,Lamar Miller,RB,4.70,true
5,7,Martellus Bennett,TE,6.70,true
5,7,Darren Sproles,BN,0.00,false
5,7,Mike Vick,BN,0.00,false
5,7,Tony Gonzalez,BN,3.00,false
5,7,Denarius Moore,BN,0.00,false
5,7,Darren McFadden,BN,0.00,false
5,7,Tom Brady,BN,8.12,false
5,7,Justin Tucker,K,11.00,true
5,7,Baltimore,DEF,6.00,true
5,8,Cam Newton,QB,27.84,true
5,8,Dez Bryant,WR,19.30,true
5,8,A.J. Green,WR,11.50,true
5,8,Denarius Moore,WR,3.20,true
5,8,Lamar Miller,RB,0.00,true
5,8,Darren McFadden,RB,19.80,true
5,8,Tony Gonzalez,TE,2.60,true
5,8,Martellus Bennett,BN,0.00,false
5,8,Alshon Jeffery,BN,0.00,false
5,8,Bilal Powell,BN,3.90,false
5,8,Darren Sproles,BN,0.00,false
5,8,Mike Vick,BN,0.30,false
5,8,Tom Brady,BN,8.14,false
5,8,Matt Bryant,K,7.00,true
5,8,New Orleans,DEF,11.00,true
5,9,Cam Newton,QB,20.16,true
5,9,Dez Bryant,WR,6.40,true
5,9,A.J. Green,WR,12.80,true
5,9,Denarius Moore,WR,8.20,true
5,9,Lamar Miller,RB,10.90,true
5,9,Darren McFadden,RB,1.50,true
5,9,Tony Gonzalez,TE,14.10,true
5,9,Martellus Bennett,BN,3.60,false
5,9,Alshon Jeffery,BN,12.10,false
5,9,Bilal Powell,BN,2.90,false
5,9,Darren Sproles,BN,0.20,false
5,9,Mike Vick,BN,0.00,false
5,9,Tom Brady,BN,33.18,false
5,9,Matt Bryant,K,4.00,true
5,9,New Orleans,DEF,2.00,true
5,10,Cam Newton,QB,0.00,true
5,10,Dez Bryant,WR,4.40,true
5,10,A.J. Green,WR,21.10,true
5,10,Denarius Moore,WR,4.50,true
5,10,Lamar Miller,RB,1.10,true
5,10,Darren McFadden,RB,0.00,true
5,10,Tony Gonzalez,TE,2.90,true
5,10,Martellus Bennett,BN,0.00,false
5,10,Alshon Jeffery,BN,11.90,false
5,10,Bilal Powell,BN,0.00,false
5,10,Darren Sproles,BN,18.80,false
5,10,Mike Vick,BN,0.00,false
5,10,Tom Brady,BN,0.00,false
5,10,Matt Bryant,K,6.00,true
5,10,Denver,DEF,5.00,true
5,11,Cam Newton,QB,26.56,true
5,11,A.J. Green,WR,0.70,true
5,11,Denarius Moore,WR,7.10,true
5,11,Alshon Jeffery,WR,10.00,true
5,11,Lamar Miller,RB,3.70,true
5,11,Darren Sproles,RB,3.50,true
5,11,Tony Gonzalez,TE,8.30,true
5,11,Darren McFadden,BN,0.00,false
5,11,Dez Bryant,BN,0.00,false
5,11,Martellus Bennett,BN,4.80,false
5,11,Bilal Powell,BN,2.80,false
5,11,Mike Vick,BN,0.00,false
5,11,Tom Brady,BN,15.14,false
5,11,Matt Bryant,K,10.00,true
5,11,Denver,DEF,6.00,true
5,12,Cam Newton,QB,21.06,true
5,12,A.J. Green,WR,0.00,true
5,12,Denarius Moore,WR,0.00,true
5,12,Alshon Jeffery,WR,0.00,true
5,12,Lamar Miller,RB,4.70,true
5,12,Bilal Powell,RB,6.50,true
5,12,Tony Gonzalez,TE,4.30,true
5,12,Darren Sproles,BN,0.00,false
5,12,Darren McFadden,BN,0.00,false
5,12,Dez Bryant,BN,8.60,false
5,12,Martellus Bennett,BN,12.20,false
5,12,Mike Vick,BN,0.00,false
5,12,Tom Brady,BN,23.76,false
5,12,Matt Bryant,K,7.00,true
5,12,Denver,DEF,14.00,true
5,13,Cam Newton,QB,29.32,true
5,13,A.J. Green,WR,14.30,true
5,13,Denarius Moore,WR,0.00,true
5,13,Alshon Jeffery,WR,36.90,true
5,13,Lamar Miller,RB,8.50,true
5,13,Bilal Powell,RB,5.90,true
5,13,Tony Gonzalez,TE,10.20,true
5,13,Darren Sproles,BN,4.30,false
5,13,Darren McFadden,BN,1.30,false
5,13,Dez Bryant,BN,12.10,false
5,13,Martellus Bennett,BN,1.40,false
5,13,Mike Vick,BN,0.00,false
5,13,Tom Brady,BN,21.84,false
5,13,Matt Bryant,K,11.00,true
5,13,Denver,DEF,1.00,true
5,14,Cam Newton,QB,15.20,true
5,14,A.J. Green,WR,13.20,true
5,14,Denarius Moore,WR,0.00,true
5,14,Alshon Jeffery,WR,13.70,true
5,14,Lamar Miller,RB,3.30,true
5,14,Bilal Powell,RB,3.80,true
5,14,Tony Gonzalez,TE,8.50,true
5,14,Darren Sproles,BN,6.10,false
5,14,Darren McFadden,BN,0.00,false
5,14,Dez Bryant,BN,7.20,false
5,14,Martellus Bennett,BN,4.30,false
5,14,Mike Vick,BN,0.00,false
5,14,Tom Brady,BN,23.82,false
5,14,Matt Bryant,K,3.00,true
5,14,Denver,DEF,5.00,true
5,15,Cam Newton,QB,16.12,true
5,15,A.J. Green,WR,9.30,true
5,15,Denarius Moore,WR,4.60,true
5,15,Alshon Jeffery,WR,12.90,true
5,15,Lamar Miller,RB,6.10,true
5,15,Bilal Powell,RB,5.60,true
5,15,Tony Gonzalez,TE,12.20,true
5,15,Darren Sproles,BN,6.20,false
5,15,Darren McFadden,BN,0.00,false
5,15,Dez Bryant,BN,21.30,false
5,15,Martellus Bennett,BN,5.10,false
5,15,Mike Vick,BN,0.00,false
5,15,Tom Brady,BN,21.56,false
5,15,Matt Bryant,K,11.00,true
5,15,Denver,DEF,2.00,true
5,16,Cam Newton,QB,10.84,true
5,16,A.J. Green,WR,21.70,true
5,16,Denarius Moore,WR,1.70,true
5,16,Alshon Jeffery,WR,7.60,true
5,16,Lamar Miller,RB,0.80,true
5,16,Bilal Powell,RB,8.00,true
5,16,Tony Gonzalez,TE,12.30,true
5,16,Darren Sproles,BN,2.00,false
5,16,Darren McFadden,BN,7.60,false
5,16,Dez Bryant,BN,13.30,false
5,16,Martellus Bennett,BN,8.50,false
5,16,Mike Vick,BN,-0.20,false
5,16,Tom Brady,BN,10.88,false
5,16,Matt Bryant,K,6.00,true
5,16,Denver,DEF,11.00,true
6,1,Colin Kaepernick,QB,30.68,true
6,1,Larry Fitzgerald,WR,20.00,true
6,1,Dwayne Bowe,WR,3.00,true
6,1,Julio Jones,WR,11.60,true
6,1,C.J. Spiller,RB,3.50,true
6,1,Matt Forte,RB,15.10,true
6,1,Zach Sudfeld,TE,0.00,true
6,1,Kyle Rudolph,BN,2.70,false
6,1,Le'Veon Bell,BN,0.00,false
6,1,Mike Williams,BN,11.20,false
6,1,Miles Austin,BN,7.20,false
6,1,Giovani Bernard,BN,3.00,false
6,1,Ben Tate,BN,6.20,false
6,1,Stephen Hauschka,K,7.00,true
6,1,Washington,DEF,12.00,true
6,2,Colin Kaepernick,QB,8.78,true
6,2,Julio Jones,WR,24.20,true
6,2,Larry Fitzgerald,WR,3.30,true
6,2,Dwayne Bowe,WR,11.60,true
6,2,C.J. Spiller,RB,11.70,true
6,2,Matt Forte,RB,14.10,true
6,2,Kyle Rudolph,TE,10.20,true
6,2,Mike Williams,BN,0.90,false
6,2,Miles Austin,BN,3.10,false
6,2,Le'Veon Bell,BN,0.00,false
6,2,Giovani Bernard,BN,18.50,false
6,2,Ben Tate,BN,10.10,false
6,2,Stephen Hauschka,K,9.00,true
6,2,Dallas,DEF,7.00,true
6,2,Buffalo,BN,8.00,false
6,3,Colin Kaepernick,QB,5.00,true
6,3,Julio Jones,WR,12.20,true
6,3,Larry Fitzgerald,WR,6.40,true
6,3,Dwayne Bowe,WR,0.40,true
6,3,C.J. Spiller,RB,1.00,true
6,3,Matt Forte,RB,17.10,true
6,3,Kyle Rudolph,TE,2.80,true
6,3,Mike Williams,BN,6.50,false
6,3,Le'Veon Bell,BN,0.00,false
6,3,Giovani Bernard,BN,15.90,false
6,3,Ben Tate,BN,4.30,false
6,3,Bernard Pierce,BN,13.20,false
6,3,Willis McGahee,BN,0.90,false
6,3,Stephen Hauschka,K,9.00,true
6,3,Buffalo,DEF,4.00,true
6,4,Colin Kaepernick,QB,13.78,true
6,4,Julio Jones,WR,10.80,true
6,4,Larry Fitzgerald,WR,12.80,true
6,4,Dwayne Bowe,WR,11.80,true
6,4,C.J. Spiller,RB,7.70,true
6,4,Matt Forte,RB,17.70,true
6,4,Brandon Myers,TE,0.00,true
6,4,Mike Williams,BN,9.80,false
6,4,Le'Veon Bell,BN,20.40,false
6,4,Giovani Bernard,BN,7.50,false
6,4,Ben Tate,BN,2.50,false
6,4,Bernard Pierce,BN,0.90,false
6,4,Willis McGahee,BN,4.60,false
6,4,Stephen Hauschka,K,13.00,true
6,4,Indianapolis,DEF,23.00,true
6,5,Colin Kaepernick,QB,9.92,true
6,5,Julio Jones,WR,9.90,true
6,5,Larry Fitzgerald,WR,4.30,true
6,5,Dwayne Bowe,WR,3.50,true
6,5,Matt Forte,RB,11.50,true
6,5,Giovani Bernard,RB,4.90,true
6,5,Charles Clay,TE,11.20,true
6,5,C.J. Spiller,BN,12.60,false
6,5,Brandon Myers,BN,0.00,false
6,5,Mike Williams,BN,0.00,false
6,5,Le'Veon Bell,BN,0.00,false
6,5,Ben Tate,BN,0.00,false
6,5,Willis McGahee,BN,13.20,false
6,5,Stephen Hauschka,K,17.00,true
6,5,Los Angeles,DEF,15.00,true
6,6,Colin Kaepernick,QB,16.88,true
6,6,Larry Fitzgerald,WR,16.10,true
6,6,Rueben Randle,WR,13.50,true
6,6,Dwayne Bowe,WR,4.60,true
6,6,Matt Forte,RB,11.10,true
6,6,C.J. Spiller,RB,6.60,true
6,6,Brandon Myers,TE,0.00,true
6,6,Giovani Bernard,BN,16.00,false
6,6,Mike Williams,BN,0.00,false
6,6,Charles Clay,BN,0.00,false
6,6,Le'Veon Bell,BN,5.60,false
6,6,Ben Tate,BN,8.80,false
6,6,Harry Douglas,BN,0.00,false
6,6,Stephen Hauschka,K,8.00,true
6,6,Indianapolis,DEF,3.00,true
6,7,Peyton Manning,QB,26.34,true
6,7,Larry Fitzgerald,WR,1.70,true
6,7,Harry Douglas,WR,20.90,true
6,7,Aaron Dobson,WR,3.40,true
6,7,Matt Forte,RB,28.90,true
6,7,Giovani Bernard,RB,5.90,true
6,7,Charles Clay,TE,6.70,true
6,7,Mike Williams,BN,3.20,false
6,7,C.J. Spiller,BN,0.70,false
6,7,Dwayne Bowe,BN,6.60,false
6,7,Ben Tate,BN,5.50,false
6,7,Danny Amendola,BN,0.00,false
6,7,Stephen Hauschka,K,13.00,true
6,7,Atlanta,DEF,11.00,true
6,7,Indianapolis,BN,11.00,false
6,8,Peyton Manning,QB,24.86,true
6,8,Larry Fitzgerald,WR,10.80,true
6,8,Harry Douglas,WR,0.00,true
6,8,Danny Amendola,WR,1.50,true
6,8,Mike James,RB,6.40,true
6,8,Giovani Bernard,RB,2.70,true
6,8,Charles Clay,TE,3.80,true
6,8,Joseph Randle,BN,4.40,false
6,8,C.J. Spiller,BN,0.00,false
6,8,Matt Forte,BN,0.00,false
6,8,Mike Williams,BN,2.00,false
6,8,Dwayne Bowe,BN,0.70,false
6,8,Ben Tate,BN,0.00,false
6,8,Stephen Hauschka,K,2.00,true
6,8,Philadelphia,DEF,10.00,true
6,9,Andy Dalton,QB,9.72,true
6,9,Harry Douglas,WR,8.20,true
6,9,Danny Amendola,WR,0.00,true
6,9,Kendall Wright,WR,0.00,true
6,9,Giovani Bernard,RB,22.40,true
6,9,Matt Forte,RB,23.90,true
6,9,Charles Clay,TE,0.00,true
6,9,Dwayne Bowe,BN,6.70,false
6,9,Peyton Manning,BN,0.00,false
6,9,Larry Fitzgerald,BN,0.00,false
6,9,Mike James,BN,0.00,false
6,9,C.J. Spiller,BN,15.50,false
6,9,Ben Tate,BN,7.90,false
6,9,Stephen Hauschka,K,0.00,true
6,9,Baltimore,DEF,4.00,true
6,10,Peyton Manning,QB,27.10,true
6,10,Harry Douglas,WR,2.90,true
6,10,Kendall Wright,WR,7.80,true
6,10,Larry Fitzgerald,WR,2.30,true
6,10,Matt Forte,RB,0.00,true
6,10,Mike James,RB,4.10,true
6,10,Charles Clay,TE,2.10,true
6,10,Giovani Bernard,BN,15.50,false
6,10,Danny Amendola,BN,0.00,false
6,10,Andy Dalton,BN,18.16,false
6,10,Dwayne Bowe,BN,0.00,false
6,10,C.J. Spiller,BN,0.00,false
6,10,Ben Tate,BN,6.40,false
6,10,Stephen Hauschka,K,19.00,true
6,10,Carolina,DEF,14.00,true
6,11,Peyton Manning,QB,14.92,true
6,11,Harry Douglas,WR,19.40,true
6,11,Larry Fitzgerald,WR,12.10,true
6,11,Danny Amendola,WR,4.50,true
6,11,Matt Forte,RB,18.50,true
6,11,Ben Tate,RB,11.70,true
6,11,Charles Clay,TE,15.00,true
6,11,Giovani Bernard,BN,8.60,false
6,11,Kendall Wright,BN,8.00,false
6,11,Andy Dalton,BN,0.00,false
6,11,Dwayne Bowe,BN,11.70,false
6,11,C.J. Spiller,BN,1.60,false
6,11,Emmanuel Sanders,BN,0.20,false
6,11,Stephen Hauschka,K,13.00,true
6,11,Carolina,DEF,7.00,true
6,12,Peyton Manning,QB,13.00,true
6,12,Harry Douglas,WR,7.90,true
6,12,Larry Fitzgerald,WR,17.60,true
6,12,Danny Amendola,WR,1.70,true
6,12,Matt Forte,RB,9.70,true
6,12,Ben Tate,RB,2.70,true
6,12,Charles Clay,TE,2.70,true
6,12,Giovani Bernard,BN,0.00,false
6,12,Kendall Wright,BN,16.30,false
6,12,C.J. Spiller,BN,0.00,false
6,12,Emmanuel Sanders,BN,11.20,false
6,12,Jarrett Boykin,BN,0.00,false
6,12,Kai Forbath,K,6.00,true
6,12,Stephen Hauschka,BN,0.00,false
6,12,Carolina,DEF,6.00,true
6,13,Peyton Manning,QB,33.82,true
6,13,Harry Douglas,WR,7.30,true
6,13,Larry Fitzgerald,WR,13.20,true
6,13,Jarrett Boykin,WR,0.00,true
6,13,Matt Forte,RB,15.10,true
6,13,Giovani Bernard,RB,6.60,true
6,13,Charles Clay,TE,8.00,true
6,13,Ben Tate,BN,28.20,false
6,13,Danny Amendola,BN,5.40,false
6,13,C.J. Spiller,BN,21.70,false
6,13,Kendall Wright,BN,7.70,false
6,13,Emmanuel Sanders,BN,10.30,false
6,13,Stephen Hauschka,K,10.00,true
6,13,Kai Forbath,BN,5.00,false
6,13,Carolina,DEF,16.00,true
6,14,Peyton Manning,QB,31.78,true
6,14,Harry Douglas,WR,2.00,true
6,14,Larry Fitzgerald,WR,15.60,true
6,14,Kendall Wright,WR,1.70,true
6,14,Matt Forte,RB,23.50,true
6,14,Ben Tate,RB,5.60,true
6,14,Charles Clay,TE,21.70,true
6,14,Jarrett Boykin,BN,2.30,false
6,14,Giovani Bernard,BN,14.80,false
6,14,Danny Amendola,BN,9.60,false
6,14,C.J. Spiller,BN,4.80,false
6,14,Emmanuel Sanders,BN,12.50,false
6,14,Stephen Hauschka,K,5.00,true
6,14,Kai Forbath,BN,6.00,false
6,14,Carolina,DEF,1.00,true
6,15,Peyton Manning,QB,18.56,true
6,15,Harry Douglas,WR,3.70,true
6,15,Larry Fitzgerald,WR,4.90,true
6,15,Danny Amendola,WR,13.10,true
6,15,Matt Forte,RB,13.10,true
6,15,Ben Tate,RB,9.20,true
6,15,Charles Clay,TE,0.60,true
6,15,Emmanuel Sanders,BN,3.80,false
6,15,Kendall Wright,BN,15.00,false
6,15,Jarrett Boykin,BN,8.30,false
6,15,Giovani Bernard,BN,10.60,false
6,15,C.J. Spiller,BN,6.80,false
6,15,Michael Crabtree,BN,10.50,false
6,15,Stephen Hauschka,K,13.00,true
6,15,Carolina,DEF,15.00,true
6,16,Peyton Manning,QB,32.00,true
6,16,Larry Fitzgerald,WR,1.80,true
6,16,Danny Amendola,WR,4.50,true
6,16,Michael Crabtree,WR,10.20,true
6,16,Matt Forte,RB,5.40,true
6,16,Giovani Bernard,RB,6.70,true
6,16,Dennis Pitta,TE,3.40,true
6,16,Charles Clay,BN,3.20,false
6,16,Harry Douglas,BN,4.60,false
6,16,Ben Tate,BN,0.00,false
6,16,Emmanuel Sanders,BN,6.70,false
6,16,Jarrett Boykin,BN,11.40,false
6,16,C.J. Spiller,BN,10.30,false
6,16,Stephen Hauschka,K,4.00,true
6,16,Cleveland,DEF,0.00,true
7,1,Matt Ryan,QB,20.36,true
7,1,Calvin Johnson,WR,3.70,true
7,1,Antonio Brown,WR,7.50,true
7,1,Pierre Garcon,WR,6.40,true
7,1,Jamaal Charles,RB,16.00,true
7,1,Maurice Jones-Drew,RB,4.50,true
7,1,Jared Cook,TE,24.10,true
7,1,Cecil Shorts III,BN,4.00,false
7,1,Shane Vereen,BN,15.90,false
7,1,Daryl Richardson,BN,9.60,false
7,1,Michael Floyd,BN,8.20,false
7,1,Joe Flacco,BN,20.48,false
7,1,Ronnie Hillman,BN,4.20,false
7,1,Phil Dawson,K,10.00,true
7,1,Denver,DEF,10.00,true
7,2,Matt Ryan,QB,22.96,true
7,2,Calvin Johnson,WR,23.60,true
7,2,Antonio Brown,WR,5.70,true
7,2,Pierre Garcon,WR,20.30,true
7,2,Jamaal Charles,RB,16.30,true
7,2,Maurice Jones-Drew,RB,2.80,true
7,2,Jared Cook,TE,1.00,true
7,2,Cecil Shorts III,BN,9.30,false
7,2,Shane Vereen,BN,0.00,false
7,2,Daryl Richardson,BN,8.00,false
7,2,Michael Floyd,BN,2.20,false
7,2,Joe Flacco,BN,13.04,false
7,2,Joique Bell,BN,7.20,false
7,2,Phil Dawson,K,3.00,true
7,2,Denver,DEF,15.00,true
7,3,Matt Ryan,QB,16.24,true
7,3,Calvin Johnson,WR,17.50,true
7,3,Antonio Brown,WR,31.60,true
7,3,Pierre Garcon,WR,8.30,true
7,3,Jamaal Charles,RB,23.20,true
7,3,Joique Bell,RB,19.20,true
7,3,Jared Cook,TE,4.40,true
7,3,Knowshon Moreno,BN,4.50,false
7,3,Daryl Richardson,BN,0.00,false
7,3,Maurice Jones-Drew,BN,12.20,false
7,3,Cecil Shorts III,BN,14.30,false
7,3,Michael Floyd,BN,4.90,false
7,3,Joe Flacco,BN,6.84,false
7,3,Phil Dawson,K,1.00,true
7,3,Denver,DEF,3.00,true
7,4,Matt Ryan,QB,23.84,true
7,4,Calvin Johnson,WR,10.40,true
7,4,Antonio Brown,WR,9.80,true
7,4,Pierre Garcon,WR,11.90,true
7,4,Jamaal Charles,RB,18.70,true
7,4,Maurice Jones-Drew,RB,2.80,true
7,4,Jared Cook,TE,4.50,true
7,4,Knowshon Moreno,BN,15.10,false
7,4,Joique Bell,BN,2.20,false
7,4,Daryl Richardson,BN,2.40,false
7,4,Cecil Shorts III,BN,6.10,false
7,4,Michael Floyd,BN,8.70,false
7,4,Justin Blackmon,BN,0.00,false
7,4,Phil Dawson,K,5.00,true
7,4,Denver,DEF,18.00,true
7,5,Matt Ryan,QB,18.76,true
7,5,Justin Blackmon,WR,19.60,true
7,5,Michael Floyd,WR,6.10,true
7,5,Cecil Shorts III,WR,0.00,true
7,5,Jamaal Charles,RB,18.50,true
7,5,Knowshon Moreno,RB,21.00,true
7,5,Julius Thomas,TE,24.20,true
7,5,Calvin Johnson,BN,0.00,false
7,5,Daryl Richardson,BN,4.80,false
7,5,Maurice Jones-Drew,BN,8.60,false
7,5,Pierre Garcon,BN,0.00,false
7,5,Joique Bell,BN,5.10,false
7,5,Jay Cutler,BN,23.02,false
7,5,Phil Dawson,K,10.00,true
7,5,Denver,DEF,4.00,true
7,6,Jay Cutler,QB,0.00,true
7,6,Calvin Johnson,WR,2.50,true
7,6,Justin Blackmon,WR,19.00,true
7,6,Pierre Garcon,WR,6.90,true
7,6,Jamaal Charles,RB,24.80,true
7,6,Knowshon Moreno,RB,0.00,true
7,6,Julius Thomas,TE,0.00,true
7,6,Michael Floyd,BN,10.40,false
7,6,Matt Ryan,BN,0.00,false
7,6,Daryl Richardson,BN,2.30,false
7,6,Cecil Shorts III,BN,0.00,false
7,6,Maurice Jones-Drew,BN,13.40,false
7,6,Joique Bell,BN,3.30,false
7,6,Phil Dawson,K,13.00,true
7,6,Denver,DEF,10.00,true
7,7,Jay Cutler,QB,0.12,true
7,7,Calvin Johnson,WR,27.50,true
7,7,Justin Blackmon,WR,5.80,true
7,7,Pierre Garcon,WR,5.80,true
7,7,Jamaal Charles,RB,16.30,true
7,7,Knowshon Moreno,RB,10.90,true
7,7,Julius Thomas,TE,10.10,true
7,7,Michael Floyd,BN,7.10,false
7,7,Matt Ryan,BN,21.72,false
7,7,Cecil Shorts III,BN,8.00,false
7,7,Maurice Jones-Drew,BN,5.60,false
7,7,Stevan Ridley,BN,11.30,false
7,7,Phil Dawson,K,8.00,true
7,7,New England,DEF,12.00,true
7,7,Denver,BN,0.00,false
7,8,Matt Ryan,QB,13.34,true
7,8,Calvin Johnson,WR,36.90,true
7,8,Justin Blackmon,WR,3.00,true
7,8,Pierre Garcon,WR,4.60,true
7,8,Jamaal Charles,RB,12.00,true
7,8,Knowshon Moreno,RB,19.20,true
7,8,Julius Thomas,TE,2.90,true
7,8,Cecil Shorts III,BN,7.40,false
7,8,Maurice Jones-Drew,BN,12.20,false
7,8,Stevan Ridley,BN,13.90,false
7,8,Brian Hartline,BN,3.70,false
7,8,Kyle Rudolph,BN,5.10,false
7,8,Keenan Allen,BN,0.00,false
7,8,Phil Dawson,K,6.00,true
7,8,New England,DEF,15.00,true
7,9,Matt Ryan,QB,9.96,true
7,9,Pierre Garcon,WR,0.00,true
7,9,Keenan Allen,WR,18.80,true
7,9,Brian Hartline,WR,3.90,true
7,9,Jamaal Charles,RB,9.60,true
7,9,Stevan Ridley,RB,22.40,true
7,9,Kyle Rudolph,TE,9.50,true
7,9,Julius Thomas,BN,0.00,false
7,9,Calvin Johnson,BN,0.00,false
7,9,Knowshon Moreno,BN,0.00,false
7,9,Cecil Shorts III,BN,0.00,false
7,9,Maurice Jones-Drew,BN,0.00,false
7,9,Shane Vereen,BN,0.00,false
7,9,Adam Vinatieri,K,7.00,true
7,9,New England,DEF,10.00,true
7,10,Matt Ryan,QB,12.38,true
7,10,Pierre Garcon,WR,17.90,true
7,10,Keenan Allen,WR,4.10,true
7,10,Calvin Johnson,WR,20.30,true
7,10,Knowshon Moreno,RB,11.40,true
7,10,Maurice Jones-Drew,RB,13.40,true
7,10,Julius Thomas,TE,15.60,true
7,10,Stevan Ridley,BN,0.00,false
7,10,Jamaal Charles,BN,0.00,false
7,10,Cecil Shorts III,BN,4.20,false
7,10,Shane Vereen,BN,0.00,false
7,10,Coby Fleener,BN,5.30,false
7,10,Adam Vinatieri,K,0.00,true
7,10,Tennessee,DEF,7.00,true
7,10,New England,BN,0.00,false
7,11,Matt Ryan,QB,16.16,true
7,11,Pierre Garcon,WR,7.70,true
7,11,Keenan Allen,WR,4.50,true
7,11,Calvin Johnson,WR,29.90,true
7,11,Knowshon Moreno,RB,7.90,true
7,11,Jamaal Charles,RB,7.20,true
7,11,Julius Thomas,TE,10.30,true
7,11,Maurice Jones-Drew,BN,9.50,false
7,11,Stevan Ridley,BN,8.80,false
7,11,Cecil Shorts III,BN,2.20,false
7,11,Shane Vereen,BN,7.20,false
7,11,Coby Fleener,BN,10.70,false
7,11,Jay Cutler,BN,0.00,false
7,11,Adam Vinatieri,K,15.00,true
7,11,New England,DEF,3.00,true
7,12,Matt Ryan,QB,12.68,true
7,12,Pierre Garcon,WR,4.80,true
7,12,Keenan Allen,WR,12.40,true
7,12,Calvin Johnson,WR,11.50,true
7,12,Knowshon Moreno,RB,29.00,true
7,12,Jamaal Charles,RB,27.70,true
7,12,Coby Fleener,TE,11.50,true
7,12,Julius Thomas,BN,0.00,false
7,12,Maurice Jones-Drew,BN,20.40,false
7,12,Stevan Ridley,BN,-0.60,false
7,12,Cecil Shorts III,BN,7.10,false
7,12,Shane Vereen,BN,9.10,false
7,12,Andy Dalton,BN,0.00,false
7,12,Adam Vinatieri,K,3.00,true
7,12,Baltimore,DEF,16.00,true
7,13,Andy Dalton,QB,11.50,true
7,13,Pierre Garcon,WR,4.10,true
7,13,Keenan Allen,WR,8.60,true
7,13,Calvin Johnson,WR,16.10,true
7,13,Jamaal Charles,RB,18.00,true
7,13,Knowshon Moreno,RB,15.00,true
7,13,Coby Fleener,TE,5.00,true
7,13,Julius Thomas,BN,0.00,false
7,13,Shane Vereen,BN,13.50,false
7,13,Matt Ryan,BN,16.14,false
7,13,Maurice Jones-Drew,BN,12.42,false
7,13,Cecil Shorts III,BN,12.40,false
7,13,Jay Cutler,BN,0.00,false
7,13,Adam Vinatieri,K,20.00,true
7,13,Baltimore,DEF,1.00,true
7,14,Josh McCown,QB,39.52,true
7,14,Pierre Garcon,WR,3.70,true
7,14,Keenan Allen,WR,17.90,true
7,14,Calvin Johnson,WR,5.20,true
7,14,Jamaal Charles,RB,27.80,true
7,14,Knowshon Moreno,RB,16.90,true
7,14,Julius Thomas,TE,9.50,true
7,14,Matt Ryan,BN,13.24,false
7,14,Andy Dalton,BN,30.10,false
7,14,Shane Vereen,BN,22.20,false
7,14,Maurice Jones-Drew,BN,12.30,false
7,14,Jay Cutler,BN,0.00,false
7,14,Adam Vinatieri,K,4.00,true
7,14,Baltimore,DEF,8.00,true
7,14,Buffalo,BN,5.00,false
7,15,Jay Cutler,QB,21.70,true
7,15,Keenan Allen,WR,14.90,true
7,15,Calvin Johnson,WR,9.80,true
7,15,Julian Edelman,WR,19.90,true
7,15,Jamaal Charles,RB,51.50,true
7,15,Knowshon Moreno,RB,5.50,true
7,15,Julius Thomas,TE,4.90,true
7,15,Pierre Garcon,BN,18.90,false
7,15,Matt Ryan,BN,9.30,false
7,15,Andy Dalton,BN,19.20,false
7,15,Shane Vereen,BN,2.10,false
7,15,Maurice Jones-Drew,BN,0.00,false
7,15,Toby Gerhart,BN,0.00,false
7,15,Adam Vinatieri,K,13.00,true
7,15,Buffalo,DEF,14.00,true
7,16,Jay Cutler,QB,15.38,true
7,16,Keenan Allen,WR,6.60,true
7,16,Calvin Johnson,WR,4.30,true
7,16,Pierre Garcon,WR,20.40,true
7,16,Jamaal Charles,RB,20.40,true
7,16,Knowshon Moreno,RB,10.20,true
7,16,Julius Thomas,TE,13.80,true
7,16,Julian Edelman,BN,7.70,false
7,16,Matt Ryan,BN,19.92,false
7,16,Andy Dalton,BN,31.64,false
7,16,Shane Vereen,BN,7.00,false
7,16,Maurice Jones-Drew,BN,6.90,false
7,16,Phil Dawson,K,11.00,true
7,16,Adam Vinatieri,BN,13.00,false
7,16,Buffalo,DEF,21.00,true
8,1,Drew Brees,QB,21.48,true
8,1,Wes Welker,WR,16.70,true
8,1,Mike Wallace,WR,1.50,true
8,1,DeSean Jackson,WR,16.40,true
8,1,Marshawn Lynch,RB,5.20,true
8,1,Chris Johnson,RB,7.00,true
8,1,Greg Olsen,TE,5.60,true
8,1,Russell Wilson,BN,15.50,false
8,1,DeAndre Hopkins,BN,6.60,false
8,1,Vick Ballard,BN,5.80,false
8,1,Golden Tate,BN,5.10,false
8,1,Jermichael Finley,BN,11.60,false
8,1,Jason Avant,BN,-0.70,false
8,1,Stephen Gostkowski,K,12.00,true
8,1,San Francisco,DEF,5.00,true
8,2,Drew Brees,QB,14.88,true
8,2,Wes Welker,WR,9.90,true
8,2,Mike Wallace,WR,17.50,true
8,2,DeSean Jackson,WR,25.30,true
8,2,Marshawn Lynch,RB,31.50,true
8,2,Chris Johnson,RB,9.70,true
8,2,Greg Olsen,TE,14.40,true
8,2,Russell Wilson,BN,11.98,false
8,2,DeAndre Hopkins,BN,17.70,false
8,2,Vick Ballard,BN,0.00,false
8,2,Golden Tate,BN,1.90,false
8,2,Jermichael Finley,BN,12.50,false
8,2,Jason Avant,BN,3.90,false
8,2,Stephen Gostkowski,K,7.00,true
8,2,San Francisco,DEF,8.00,true
8,3,Drew Brees,QB,32.78,true
8,3,Wes Welker,WR,14.40,true
8,3,Mike Wallace,WR,2.20,true
8,3,DeSean Jackson,WR,6.20,true
8,3,Marshawn Lynch,RB,6.90,true
8,3,Chris Johnson,RB,9.10,true
8,3,Greg Olsen,TE,5.40,true
8,3,Russell Wilson,BN,22.48,false
8,3,DeAndre Hopkins,BN,6.00,false
8,3,Vick Ballard,BN,0.00,false
8,3,Golden Tate,BN,11.70,false
8,3,Jermichael Finley,BN,0.00,false
8,3,Jason Avant,BN,14.70,false
8,3,Stephen Gostkowski,K,14.00,true
8,3,San Francisco,DEF,1.00,true
8,4,Drew Brees,QB,32.72,true
8,4,Wes Welker,WR,19.60,true
8,4,Mike Wallace,WR,2.40,true
8,4,DeSean Jackson,WR,3.40,true
8,4,Marshawn Lynch,RB,18.30,true
8,4,Chris Johnson,RB,3.10,true
8,4,Kyle Rudolph,TE,0.60,true
8,4,Greg Olsen,BN,0.00,false
8,4,Russell Wilson,BN,11.62,false
8,4,DeAndre Hopkins,BN,2.70,false
8,4,Golden Tate,BN,1.70,false
8,4,Jermichael Finley,BN,0.00,false
8,4,Jason Avant,BN,0.70,false
8,4,Stephen Gostkowski,K,14.00,true
8,4,San Francisco,DEF,13.00,true
8,5,Drew Brees,QB,19.32,true
8,5,Wes Welker,WR,10.90,true
8,5,Mike Wallace,WR,10.50,true
8,5,DeSean Jackson,WR,19.20,true
8,5,Marshawn Lynch,RB,10.70,true
8,5,Chris Johnson,RB,14.00,true
8,5,Greg Olsen,TE,7.90,true
8,5,Kyle Rudolph,BN,0.00,false
8,5,Russell Wilson,BN,23.60,false
8,5,DeAndre Hopkins,BN,2.30,false
8,5,Golden Tate,BN,12.10,false
8,5,Jermichael Finley,BN,3.20,false
8,5,Jason Avant,BN,3.30,false
8,5,Stephen Gostkowski,K,7.00,true
8,5,San Francisco,DEF,22.00,true
8,6,Drew Brees,QB,17.54,true
8,6,Wes Welker,WR,12.30,true
8,6,DeSean Jackson,WR,18.40,true
8,6,Golden Tate,WR,3.30,true
8,6,Marshawn Lynch,RB,27.50,true
8,6,Chris Johnson,RB,5.40,true
8,6,Greg Olsen,TE,1.90,true
8,6,Mike Wallace,BN,0.00,false
8,6,Kyle Rudolph,BN,15.70,false
8,6,Russell Wilson,BN,16.38,false
8,6,DeAndre Hopkins,BN,2.70,false
8,6,Jermichael Finley,BN,7.50,false
8,6,Jason Avant,BN,2.10,false
8,6,Stephen Gostkowski,K,14.00,true
8,6,San Francisco,DEF,12.00,true
8,7,Joe Flacco,QB,14.00,true
8,7,Wes Welker,WR,9.60,true
8,7,DeSean Jackson,WR,2.10,true
8,7,Golden Tate,WR,7.70,true
8,7,Marshawn Lynch,RB,15.40,true
8,7,Chris Johnson,RB,17.00,true
8,7,Greg Olsen,TE,4.70,true
8,7,Drew Brees,BN,0.00,false
8,7,Mike Wallace,BN,8.80,false
8,7,Russell Wilson,BN,20.30,false
8,7,DeAndre Hopkins,BN,13.60,false
8,7,Jermichael Finley,BN,13.20,false
8,7,Jason Avant,BN,3.20,false
8,7,Stephen Gostkowski,K,10.00,true
8,7,San Francisco,DEF,14.00,true
8,8,Drew Brees,QB,33.18,true
8,8,Wes Welker,WR,14.10,true
8,8,DeSean Jackson,WR,6.30,true
8,8,Golden Tate,WR,21.30,true
8,8,Marshawn Lynch,RB,2.70,true
8,8,Chris Ivory,RB,1.10,true
8,8,Greg Olsen,TE,8.10,true
8,8,Chris Johnson,BN,0.00,false
8,8,Joe Flacco,BN,0.00,false
8,8,Mike Wallace,BN,4.90,false
8,8,Russell Wilson,BN,15.16,false
8,8,DeAndre Hopkins,BN,0.00,false
8,8,Jason Avant,BN,5.40,false
8,8,Stephen Gostkowski,K,0.00,true
8,8,San Francisco,DEF,12.00,true
8,9,Drew Brees,QB,21.18,true
8,9,DeSean Jackson,WR,21.00,true
8,9,Golden Tate,WR,0.00,true
8,9,Jason Avant,WR,0.00,true
8,9,Marshawn Lynch,RB,14.10,true
8,9,Chris Ivory,RB,19.90,true
8,9,Greg Olsen,TE,12.60,true
8,9,Wes Welker,BN,0.00,false
8,9,Chris Johnson,BN,29.00,false
8,9,Mike Wallace,BN,8.20,false
8,9,Russell Wilson,BN,24.28,false
8,9,DeAndre Hopkins,BN,0.00,false
8,9,Stephen Gostkowski,K,13.00,true
8,9,Dallas,DEF,12.00,true
8,9,San Francisco,BN,0.00,false
8,10,Drew Brees,QB,31.68,true
8,10,DeSean Jackson,WR,14.00,true
8,10,Golden Tate,WR,16.60,true
8,10,Wes Welker,WR,2.10,true
8,10,Marshawn Lynch,RB,22.10,true
8,10,Chris Johnson,RB,5.30,true
8,10,Greg Olsen,TE,1.40,true
8,10,Jason Avant,BN,0.00,false
8,10,Chris Ivory,BN,0.00,false
8,10,Mike Wallace,BN,1.50,false
8,10,Russell Wilson,BN,21.48,false
8,10,DeAndre Hopkins,BN,6.90,false
8,10,Stephen Gostkowski,K,0.00,true
8,10,San Francisco,DEF,11.00,true
8,10,Dallas,BN,-1.00,false
8,11,Drew Brees,QB,15.10,true
8,11,DeSean Jackson,WR,8.20,true
8,11,Golden Tate,WR,2.60,true
8,11,Wes Welker,WR,0.00,true
8,11,Marshawn Lynch,RB,24.30,true
8,11,Chris Johnson,RB,20.40,true
8,11,Greg Olsen,TE,11.20,true
8,11,Jason Avant,BN,0.50,false
8,11,Chris Ivory,BN,15.80,false
8,11,Mike Wallace,BN,3.90,false
8,11,Russell Wilson,BN,18.60,false
8,11,DeAndre Hopkins,BN,0.70,false
8,11,Stephen Gostkowski,K,9.00,true
8,11,San Francisco,DEF,7.00,true
8,11,Dallas,BN,0.00,false
8,12,Drew Brees,QB,18.52,true
8,12,Wes Welker,WR,3.10,true
8,12,DeAndre Hopkins,WR,0.80,true
8,12,Mike Wallace,WR,0.00,true
8,12,Chris Johnson,RB,8.10,true
8,12,Chris Ivory,RB,0.00,true
8,12,Greg Olsen,TE,0.00,true
8,12,Marshawn Lynch,BN,0.00,false
8,12,DeSean Jackson,BN,0.00,false
8,12,Golden Tate,BN,0.00,false
8,12,Jason Avant,BN,0.00,false
8,12,Russell Wilson,BN,0.00,false
8,12,Stephen Gostkowski,K,10.00,true
8,12,San Francisco,DEF,15.00,true
8,12,Dallas,BN,10.00,false
8,13,Drew Brees,QB,7.78,true
8,13,Wes Welker,WR,3.80,true
8,13,Golden Tate,WR,4.50,true
8,13,DeSean Jackson,WR,3.60,true
8,13,Chris Johnson,RB,16.10,true
8,13,Marshawn Lynch,RB,5.70,true
8,13,Greg Olsen,TE,8.50,true
8,13,Chris Ivory,BN,7.30,false
8,13,Mike Wallace,BN,14.20,false
8,13,DeAndre Hopkins,BN,7.70,false
8,13,Jason Avant,BN,2.00,false
8,13,Russell Wilson,BN,29.10,false
8,13,Stephen Gostkowski,K,14.00,true
8,13,San Francisco,DEF,9.00,true
8,13,Dallas,BN,5.00,false
8,14,Drew Brees,QB,28.82,true
8,14,Wes Welker,WR,12.10,true
8,14,DeSean Jackson,WR,10.90,true
8,14,Mike Wallace,WR,1.90,true
8,14,Chris Johnson,RB,9.50,true
8,14,Marshawn Lynch,RB,13.20,true
8,14,Greg Olsen,TE,4.00,true
8,14,Golden Tate,BN,6.50,false
8,14,Chris Ivory,BN,13.60,false
8,14,DeAndre Hopkins,BN,7.60,false
8,14,Jason Avant,BN,0.00,false
8,14,Russell Wilson,BN,11.16,false
8,14,Stephen Gostkowski,K,9.00,true
8,14,Dallas,DEF,-3.00,true
8,14,San Francisco,BN,7.00,false
8,15,Drew Brees,QB,22.52,true
8,15,DeSean Jackson,WR,25.50,true
8,15,Golden Tate,WR,2.50,true
8,15,Mike Wallace,WR,17.80,true
8,15,Chris Johnson,RB,15.10,true
8,15,Marshawn Lynch,RB,18.00,true
8,15,Greg Olsen,TE,8.80,true
8,15,Wes Welker,BN,0.00,false
8,15,Chris Ivory,BN,6.60,false
8,15,DeAndre Hopkins,BN,5.20,false
8,15,Jason Avant,BN,10.00,false
8,15,Russell Wilson,BN,16.24,false
8,15,Stephen Gostkowski,K,8.00,true
8,15,San Francisco,DEF,15.00,true
8,15,Dallas,BN,0.00,false
8,16,Drew Brees,QB,14.14,true
8,16,DeSean Jackson,WR,4.10,true
8,16,Mike Wallace,WR,3.80,true
8,16,Golden Tate,WR,3.40,true
8,16,Chris Johnson,RB,9.30,true
8,16,Marshawn Lynch,RB,7.60,true
8,16,Greg Olsen,TE,3.50,true
8,16,Wes Welker,BN,0.00,false
8,16,Chris Ivory,BN,10.90,false
8,16,DeAndre Hopkins,BN,0.80,false
8,16,Jason Avant,BN,2.60,false
8,16,Russell Wilson,BN,10.52,false
8,16,Stephen Gostkowski,K,13.00,true
8,16,San Francisco,DEF,11.00,true
8,16,Dallas,BN,2.00,false
9,1,Peyton Manning,QB,46.28,true
9,1,Roddy White,WR,1.90,true
9,1,Andre Johnson,WR,14.60,true
9,1,Steve Smith Sr.,WR,11.10,true
9,1,Ray Rice,RB,13.10,true
9,1,DeMarco Murray,RB,12.50,true
9,1,Jason Witten,TE,19.00,true
9,1,Ahmad Bradshaw,BN,3.30,false
9,1,Rashard Mendenhall,BN,6.40,false
9,1,Andre Brown,BN,0.00,false
9,1,Sidney Rice,BN,3.50,false
9,1,Matt Schaub,BN,24.84,false
9,1,EJ Manuel,BN,16.30,false
9,1,Matt Prater,K,7.00,true
9,1,Houston,DEF,9.00,true
9,2,Peyton Manning,QB,19.98,true
9,2,Roddy White,WR,2.10,true
9,2,Andre Johnson,WR,7.60,true
9,2,Steve Smith Sr.,WR,5.20,true
9,2,Ray Rice,RB,2.50,true
9,2,DeMarco Murray,RB,7.40,true
9,2,Jason Witten,TE,1.20,true
9,2,Ahmad Bradshaw,BN,14.40,false
9,2,Rashard Mendenhall,BN,15.40,false
9,2,Andre Brown,BN,0.00,false
9,2,Sidney Rice,BN,1.30,false
9,2,Matt Schaub,BN,21.92,false
9,2,EJ Manuel,BN,16.14,false
9,2,Matt Prater,K,13.00,true
9,2,Houston,DEF,7.00,true
9,3,Peyton Manning,QB,24.76,true
9,3,Andre Johnson,WR,3.60,true
9,3,Steve Smith Sr.,WR,4.00,true
9,3,Miles Austin,WR,2.20,true
9,3,DeMarco Murray,RB,26.30,true
9,3,Rashard Mendenhall,RB,4.10,true
9,3,Jason Witten,TE,6.70,true
9,3,Roddy White,BN,1.60,false
9,3,Ray Rice,BN,0.00,false
9,3,Ahmad Bradshaw,BN,17.10,false
9,3,Andre Brown,BN,0.00,false
9,3,Sidney Rice,BN,19.90,false
9,3,Matt Schaub,BN,6.76,false
9,3,Matt Prater,K,17.00,true
9,3,Houston,DEF,2.00,true
9,4,Peyton Manning,QB,29.08,true
9,4,Andre Johnson,WR,11.00,true
9,4,Sidney Rice,WR,1.10,true
9,4,Donnie Avery,WR,2.30,true
9,4,DeMarco Murray,RB,9.20,true
9,4,Ray Rice,RB,1.70,true
9,4,Jason Witten,TE,4.30,true
9,4,Rashard Mendenhall,BN,1.40,false
9,4,Steve Smith Sr.,BN,0.00,false
9,4,Roddy White,BN,2.80,false
9,4,Ahmad Bradshaw,BN,0.00,false
9,4,Andre Brown,BN,0.00,false
9,4,Matt Schaub,BN,20.70,false
9,4,Matt Prater,K,12.00,true
9,4,Houston,DEF,10.00,true
9,5,Peyton Manning,QB,36.76,true
9,5,Andre Johnson,WR,3.90,true
9,5,Steve Smith Sr.,WR,6.00,true
9,5,Sidney Rice,WR,0.80,true
9,5,DeMarco Murray,RB,10.80,true
9,5,Ray Rice,RB,20.20,true
9,5,Jason Witten,TE,18.10,true
9,5,Roddy White,BN,4.50,false
9,5,Donnie Avery,BN,9.10,false
9,5,Rashard Mendenhall,BN,11.00,false
9,5,Ahmad Bradshaw,BN,0.00,false
9,5,Andre Brown,BN,0.00,false
9,5,Matt Schaub,BN,3.92,false
9,5,Matt Prater,K,18.00,true
9,5,Houston,DEF,0.00,true
9,6,Peyton Manning,QB,14.10,true
9,6,Andre Johnson,WR,8.80,true
9,6,Steve Smith Sr.,WR,8.10,true
9,6,Terrance Williams,WR,8.70,true
9,6,DeMarco Murray,RB,11.00,true
9,6,Ray Rice,RB,4.90,true
9,6,Jason Witten,TE,2.70,true
9,6,Sidney Rice,BN,1.50,false
9,6,Roddy White,BN,0.00,false
9,6,Donnie Avery,BN,-1.40,false
9,6,Rashard Mendenhall,BN,4.20,false
9,6,Matt Schaub,BN,0.00,false
9,6,Robert Woods,BN,0.90,false
9,6,Matt Prater,K,5.00,true
9,6,Houston,DEF,0.00,true
9,7,Colin Kaepernick,QB,20.76,true
9,7,Andre Johnson,WR,8.90,true
9,7,Terrance Williams,WR,13.10,true
9,7,Rueben Randle,WR,8.00,true
9,7,Ray Rice,RB,7.20,true
9,7,Trent Richardson,RB,1.70,true
9,7,Jason Witten,TE,0.00,true
9,7,Andre Ellington,BN,1.30,false
9,7,DeMarco Murray,BN,0.00,false
9,7,Roddy White,BN,0.00,false
9,7,Rashard Mendenhall,BN,8.20,false
9,7,Andy Dalton,BN,27.48,false
9,7,Matt Prater,K,10.00,true
9,7,Green Bay,DEF,9.00,true
9,7,Houston,BN,7.00,false
9,8,Colin Kaepernick,QB,27.96,true
9,8,Terrance Williams,WR,12.90,true
9,8,Rueben Randle,WR,0.00,true
9,8,Michael Floyd,WR,0.00,true
9,8,Joique Bell,RB,11.40,true
9,8,Roy Helu Jr.,RB,2.50,true
9,8,Jordan Reed,TE,9.00,true
9,8,DeMarco Murray,BN,0.00,false
9,8,Andre Johnson,BN,0.00,false
9,8,Ray Rice,BN,0.00,false
9,8,Jason Witten,BN,1.50,false
9,8,Trent Richardson,BN,0.00,false
9,8,Roddy White,BN,0.00,false
9,8,Matt Prater,K,9.00,true
9,8,Pittsburgh,DEF,8.00,true
9,9,Jake Locker,QB,12.40,true
9,9,Terrance Williams,WR,3.30,true
9,9,Andre Johnson,WR,40.90,true
9,9,Roddy White,WR,0.00,true
9,9,Ray Rice,RB,3.80,true
9,9,Trent Richardson,RB,5.30,true
9,9,Jordan Reed,TE,0.00,true
9,9,Colin Kaepernick,BN,0.00,false
9,9,Michael Floyd,BN,0.00,false
9,9,Rueben Randle,BN,0.00,false
9,9,DeMarco Murray,BN,5.00,false
9,9,Jason Witten,BN,16.20,false
9,9,Justin Tucker,K,6.00,true
9,9,Matt Prater,BN,0.00,false
9,9,Pittsburgh,DEF,1.00,true
9,10,Colin Kaepernick,QB,4.24,true
9,10,Terrance Williams,WR,8.10,true
9,10,Andre Johnson,WR,15.70,true
9,10,Roddy White,WR,2.00,true
9,10,DeMarco Murray,RB,15.50,true
9,10,Trent Richardson,RB,3.50,true
9,10,Jordan Reed,TE,12.20,true
9,10,Ray Rice,BN,5.60,false
9,10,Jake Locker,BN,-0.24,false
9,10,Michael Floyd,BN,3.10,false
9,10,Rueben Randle,BN,11.00,false
9,10,Jason Witten,BN,2.70,false
9,10,Matt Prater,K,4.00,true
9,10,Justin Tucker,BN,9.00,false
9,10,Indianapolis,DEF,3.00,true
9,11,Colin Kaepernick,QB,14.58,true
9,11,Andre Johnson,WR,11.60,true
9,11,Roddy White,WR,7.60,true
9,11,Michael Floyd,WR,25.30,true
9,11,Trent Richardson,RB,5.30,true
9,11,Ray Rice,RB,20.80,true
9,11,Jordan Reed,TE,1.20,true
9,11,DeMarco Murray,BN,0.00,false
9,11,Terrance Williams,BN,0.00,false
9,11,Jake Locker,BN,0.00,false
9,11,Rueben Randle,BN,9.70,false
9,11,Jason Witten,BN,0.00,false
9,11,Matt Prater,K,11.00,true
9,11,Justin Tucker,BN,10.00,false
9,11,Indianapolis,DEF,4.00,true
9,12,(Empty),QB,0.00,true
9,12,Andre Johnson,WR,3.60,true
9,12,Roddy White,WR,2.40,true
9,12,Michael Floyd,WR,10.40,true
9,12,Ray Rice,RB,2.70,true
9,12,DeMarco Murray,RB,12.60,true
9,12,Jason Witten,TE,15.70,true
9,12,Colin Kaepernick,BN,23.40,false
9,12,Jordan Reed,BN,0.00,false
9,12,Trent Richardson,BN,2.60,false
9,12,Terrance Williams,BN,1.00,false
9,12,Rueben Randle,BN,6.40,false
9,12,Matt Prater,K,7.00,true
9,12,Justin Tucker,BN,15.00,false
9,12,Houston,DEF,10.00,true
9,12,Indianapolis,BN,4.00,false
9,13,Colin Kaepernick,QB,17.10,true
9,13,Michael Floyd,WR,15.90,true
9,13,Rueben Randle,WR,2.00,true
9,13,Terrance Williams,WR,0.30,true
9,13,Ray Rice,RB,7.00,true
9,13,DeMarco Murray,RB,28.20,true
9,13,Jason Witten,TE,5.30,true
9,13,Andre Johnson,BN,12.10,false
9,13,Roddy White,BN,14.30,false
9,13,Jordan Reed,BN,0.00,false
9,13,Trent Richardson,BN,1.90,false
9,13,Matt Prater,K,5.00,true
9,13,Justin Tucker,BN,19.00,false
9,13,Houston,DEF,2.00,true
9,13,Indianapolis,BN,10.00,false
9,14,Colin Kaepernick,QB,13.10,true
9,14,Michael Floyd,WR,2.60,true
9,14,Rueben Randle,WR,2.70,true
9,14,Terrance Williams,WR,3.60,true
9,14,Ray Rice,RB,10.90,true
9,14,DeMarco Murray,RB,15.50,true
9,14,Jason Witten,TE,7.00,true
9,14,Andre Johnson,BN,15.40,false
9,14,Roddy White,BN,7.40,false
9,14,Jordan Reed,BN,0.00,false
9,14,Trent Richardson,BN,8.80,false
9,14,Matt Prater,K,17.00,true
9,14,Justin Tucker,BN,3.00,false
9,14,Houston,DEF,1.00,true
9,14,Indianapolis,BN,-4.00,false
9,15,Colin Kaepernick,QB,20.32,true
9,15,Michael Floyd,WR,3.30,true
9,15,Rueben Randle,WR,0.00,true
9,15,Terrance Williams,WR,4.60,true
9,15,Ray Rice,RB,6.40,true
9,15,DeMarco Murray,RB,21.30,true
9,15,Jason Witten,TE,13.10,true
9,15,Andre Johnson,BN,1.80,false
9,15,Roddy White,BN,5.30,false
9,15,Jordan Reed,BN,0.00,false
9,15,Trent Richardson,BN,16.20,false
9,15,Matt Prater,K,9.00,true
9,15,Justin Tucker,BN,23.00,false
9,15,Houston,DEF,3.00,true
9,15,Indianapolis,BN,17.00,false
9,16,Colin Kaepernick,QB,22.98,true
9,16,Michael Floyd,WR,9.10,true
9,16,Rueben Randle,WR,4.00,true
9,16,Terrance Williams,WR,8.40,true
9,16,Ray Rice,RB,6.30,true
9,16,DeMarco Murray,RB,23.10,true
9,16,Jason Witten,TE,1.30,true
9,16,Andre Johnson,BN,6.30,false
9,16,Roddy White,BN,20.10,false
9,16,Jordan Reed,BN,0.00,false
9,16,Trent Richardson,BN,5.80,false
9,16,Matt Prater,K,14.00,true
9,16,Justin Tucker,BN,1.00,false
9,16,Houston,DEF,-3.00,true
9,16,Indianapolis,BN,17.00,false
10,1,Robert Griffin III,QB,21.56,true
10,1,Victor Cruz,WR,29.80,true
10,1,Eric Decker,WR,3.20,true
10,1,T.Y. Hilton,WR,2.00,true
10,1,Adrian Peterson,RB,29.10,true
10,1,Stevan Ridley,RB,2.60,true
10,1,Jordan Cameron,TE,16.80,true
10,1,Jordy Nelson,BN,19.00,false
10,1,BenJarvus Green-Ellis,BN,8.90,false
10,1,Andy Dalton,BN,17.48,false
10,1,Justin Blackmon,BN,0.00,false
10,1,Riley Cooper,BN,1.40,false
10,1,Ed Dickson,BN,1.30,false
10,1,Blair Walsh,K,8.00,true
10,1,Seattle,DEF,9.00,true
10,2,Robert Griffin III,QB,23.90,true
10,2,Victor Cruz,WR,11.80,true
10,2,Eric Decker,WR,8.70,true
10,2,Jordy Nelson,WR,18.60,true
10,2,Adrian Peterson,RB,8.70,true
10,2,Stevan Ridley,RB,4.00,true
10,2,Julius Thomas,TE,10.70,true
10,2,Jordan Cameron,BN,9.50,false
10,2,T.Y. Hilton,BN,12.40,false
10,2,BenJarvus Green-Ellis,BN,8.00,false
10,2,Andy Dalton,BN,16.20,false
10,2,Riley Cooper,BN,8.50,false
10,2,Brian Hartline,BN,6.80,false
10,2,Blair Walsh,K,12.00,true
10,2,Seattle,DEF,22.00,true
10,3,Robert Griffin III,QB,13.74,true
10,3,Victor Cruz,WR,2.50,true
10,3,Eric Decker,WR,19.30,true
10,3,Jordy Nelson,WR,9.30,true
10,3,Adrian Peterson,RB,15.50,true
10,3,James Starks,RB,5.50,true
10,3,Julius Thomas,TE,9.70,true
10,3,Stevan Ridley,BN,4.30,false
10,3,Jordan Cameron,BN,24.60,false
10,3,T.Y. Hilton,BN,1.30,false
10,3,BenJarvus Green-Ellis,BN,6.90,false
10,3,Andy Dalton,BN,14.70,false
10,3,Brian Hartline,BN,11.60,false
10,3,Blair Walsh,K,10.00,true
10,3,Seattle,DEF,10.00,true
10,4,Robert Griffin III,QB,14.08,true
10,4,Victor Cruz,WR,22.40,true
10,4,Eric Decker,WR,8.80,true
10,4,Brian Hartline,WR,3.40,true
10,4,Adrian Peterson,RB,26.00,true
10,4,BenJarvus Green-Ellis,RB,1.30,true
10,4,Jordan Cameron,TE,15.10,true
10,4,Jordy Nelson,BN,0.00,false
10,4,James Starks,BN,0.00,false
10,4,Julius Thomas,BN,4.30,false
10,4,Stevan Ridley,BN,7.90,false
10,4,T.Y. Hilton,BN,5.10,false
10,4,Andy Dalton,BN,6.54,false
10,4,Blair Walsh,K,12.00,true
10,4,Seattle,DEF,17.00,true
10,5,Terrelle Pryor Sr.,QB,19.94,true
10,5,Victor Cruz,WR,4.80,true
10,5,Eric Decker,WR,12.70,true
10,5,Jordy Nelson,WR,8.20,true
10,5,BenJarvus Green-Ellis,RB,12.70,true
10,5,Danny Woodhead,RB,11.50,true
10,5,Jordan Cameron,TE,3.60,true
10,5,Adrian Peterson,BN,0.00,false
10,5,Robert Griffin III,BN,0.00,false
10,5,T.Y. Hilton,BN,26.00,false
10,5,Alfred Morris,BN,0.00,false
10,5,Alex Smith,BN,0.00,false
10,5,Nick Novak,K,5.00,true
10,5,Blair Walsh,BN,0.00,false
10,5,Seattle,DEF,9.00,true
10,6,Robert Griffin III,QB,14.54,true
10,6,Victor Cruz,WR,6.80,true
10,6,Eric Decker,WR,5.00,true
10,6,Jordy Nelson,WR,17.30,true
10,6,Adrian Peterson,RB,8.30,true
10,6,Alfred Morris,RB,14.10,true
10,6,Jordan Cameron,TE,0.00,true
10,6,Danny Woodhead,BN,8.30,false
10,6,BenJarvus Green-Ellis,BN,8.60,false
10,6,Terrelle Pryor Sr.,BN,15.24,false
10,6,T.Y. Hilton,BN,4.30,false
10,6,Alex Smith,BN,8.02,false
10,6,Blair Walsh,K,0.00,true
10,6,Nick Novak,BN,15.00,false
10,6,Seattle,DEF,11.00,true
10,7,Robert Griffin III,QB,27.32,true
10,7,Victor Cruz,WR,5.00,true
10,7,Eric Decker,WR,21.00,true
10,7,Jordy Nelson,WR,0.00,true
10,7,Adrian Peterson,RB,5.60,true
10,7,Alfred Morris,RB,9.50,true
10,7,Jordan Cameron,TE,11.50,true
10,7,Danny Woodhead,BN,13.60,false
10,7,BenJarvus Green-Ellis,BN,2.40,false
10,7,Terrelle Pryor Sr.,BN,0.00,false
10,7,T.Y. Hilton,BN,2.70,false
10,7,Alex Smith,BN,17.00,false
10,7,Nick Novak,K,6.00,true
10,7,Blair Walsh,BN,1.00,false
10,7,Seattle,DEF,11.00,true
10,8,Robert Griffin III,QB,0.00,true
10,8,Victor Cruz,WR,0.00,true
10,8,Eric Decker,WR,4.20,true
10,8,Jordy Nelson,WR,24.30,true
10,8,Adrian Peterson,RB,14.30,true
10,8,Alfred Morris,RB,15.30,true
10,8,Jordan Cameron,TE,8.10,true
10,8,Danny Woodhead,BN,0.00,false
10,8,BenJarvus Green-Ellis,BN,3.30,false
10,8,Terrelle Pryor Sr.,BN,18.12,false
10,8,T.Y. Hilton,BN,0.00,false
10,8,Alex Smith,BN,21.00,false
10,8,Blair Walsh,K,7.00,true
10,8,Nick Novak,BN,0.00,false
10,8,Seattle,DEF,11.00,true
10,9,Terrelle Pryor Sr.,QB,0.00,true
10,9,Jordy Nelson,WR,6.70,true
10,9,T.Y. Hilton,WR,30.10,true
10,9,Aaron Dobson,WR,0.00,true
10,9,Adrian Peterson,RB,0.00,true
10,9,Alfred Morris,RB,0.00,true
10,9,Jordan Cameron,TE,0.40,true
10,9,Victor Cruz,BN,0.00,false
10,9,Eric Decker,BN,0.00,false
10,9,Robert Griffin III,BN,12.34,false
10,9,BenJarvus Green-Ellis,BN,7.20,false
10,9,Alex Smith,BN,5.66,false
10,9,Nick Novak,K,6.00,true
10,9,Blair Walsh,BN,5.00,false
10,9,Seattle,DEF,3.00,true
10,10,Terrelle Pryor Sr.,QB,9.78,true
10,10,T.Y. Hilton,WR,13.00,true
10,10,Eric Decker,WR,0.00,true
10,10,Victor Cruz,WR,3.70,true
10,10,Adrian Peterson,RB,19.70,true
10,10,Alfred Morris,RB,13.90,true
10,10,Tim Wright,TE,0.00,true
10,10,Jordy Nelson,BN,5.60,false
10,10,Jordan Cameron,BN,0.00,false
10,10,Aaron Dobson,BN,0.00,false
10,10,Robert Griffin III,BN,27.64,false
10,10,BenJarvus Green-Ellis,BN,3.60,false
10,10,Nick Novak,K,9.00,true
10,10,Blair Walsh,BN,11.00,false
10,10,Seattle,DEF,8.00,true
10,11,Robert Griffin III,QB,23.96,true
10,11,T.Y. Hilton,WR,4.40,true
10,11,Eric Decker,WR,7.10,true
10,11,Victor Cruz,WR,11.00,true
10,11,Adrian Peterson,RB,6.50,true
10,11,Alfred Morris,RB,9.30,true
10,11,Jordan Cameron,TE,2.90,true
10,11,Tim Wright,BN,1.30,false
10,11,Terrelle Pryor Sr.,BN,0.00,false
10,11,Jordy Nelson,BN,11.70,false
10,11,Aaron Dobson,BN,3.80,false
10,11,BenJarvus Green-Ellis,BN,6.20,false
10,11,Nick Novak,K,12.00,true
10,11,Blair Walsh,BN,9.00,false
10,11,Seattle,DEF,17.00,true
10,12,Robert Griffin III,QB,6.42,true
10,12,T.Y. Hilton,WR,3.80,true
10,12,Eric Decker,WR,0.50,true
10,12,Victor Cruz,WR,0.70,true
10,12,Adrian Peterson,RB,18.80,true
10,12,Alfred Morris,RB,5.20,true
10,12,Jordan Cameron,TE,3.20,true
10,12,Tim Wright,BN,7.50,false
10,12,Terrelle Pryor Sr.,BN,0.00,false
10,12,Jordy Nelson,BN,5.80,false
10,12,Aaron Dobson,BN,0.00,false
10,12,BenJarvus Green-Ellis,BN,0.00,false
10,12,Nick Novak,K,11.00,true
10,12,Blair Walsh,BN,15.00,false
10,12,Seattle,DEF,0.00,true
10,13,Ben Roethlisberger,QB,19.38,true
10,13,T.Y. Hilton,WR,4.60,true
10,13,Victor Cruz,WR,8.00,true
10,13,Jordy Nelson,WR,1.40,true
10,13,Adrian Peterson,RB,21.10,true
10,13,Alfred Morris,RB,11.30,true
10,13,Jordan Cameron,TE,4.30,true
10,13,Robert Griffin III,BN,21.08,false
10,13,Eric Decker,BN,41.40,false
10,13,Tim Wright,BN,1.70,false
10,13,Terrelle Pryor Sr.,BN,0.00,false
10,13,Aaron Dobson,BN,0.00,false
10,13,Nick Novak,K,5.00,true
10,13,Blair Walsh,BN,11.00,false
10,13,Seattle,DEF,13.00,true
10,14,Ben Roethlisberger,QB,25.26,true
10,14,Victor Cruz,WR,4.20,true
10,14,Jordy Nelson,WR,8.50,true
10,14,Eric Decker,WR,17.70,true
10,14,Adrian Peterson,RB,1.70,true
10,14,Alfred Morris,RB,3.10,true
10,14,Jordan Cameron,TE,18.10,true
10,14,T.Y. Hilton,BN,0.70,false
10,14,Robert Griffin III,BN,12.46,false
10,14,Tim Wright,BN,8.10,false
10,14,Terrelle Pryor Sr.,BN,1.20,false
10,14,Aaron Dobson,BN,0.00,false
10,14,Nick Novak,K,14.00,true
10,14,Blair Walsh,BN,9.00,false
10,14,Seattle,DEF,5.00,true
10,15,Robert Griffin III,QB,0.00,true
10,15,Victor Cruz,WR,2.50,true
10,15,Jordy Nelson,WR,12.10,true
10,15,Eric Decker,WR,4.20,true
10,15,Adrian Peterson,RB,0.00,true
10,15,Alfred Morris,RB,6.60,true
10,15,Jordan Cameron,TE,2.30,true
10,15,Ben Roethlisberger,BN,10.64,false
10,15,T.Y. Hilton,BN,7.80,false
10,15,Tim Wright,BN,14.20,false
10,15,Terrelle Pryor Sr.,BN,1.38,false
10,15,Montee Ball,BN,4.80,false
10,15,Nick Novak,K,9.00,true
10,15,Blair Walsh,BN,12.00,false
10,15,Seattle,DEF,24.00,true
10,16,Robert Griffin III,QB,0.00,true
10,16,Victor Cruz,WR,0.00,true
10,16,Jordy Nelson,WR,4.60,true
10,16,Eric Decker,WR,25.10,true
10,16,Adrian Peterson,RB,4.70,true
10,16,Alfred Morris,RB,14.80,true
10,16,Jordan Cameron,TE,0.00,true
10,16,Ben Roethlisberger,BN,20.98,false
10,16,T.Y. Hilton,BN,5.20,false
10,16,Tim Wright,BN,2.70,false
10,16,Terrelle Pryor Sr.,BN,0.00,false
10,16,Montee Ball,BN,3.20,false
10,16,Nick Novak,K,15.00,true
10,16,Blair Walsh,BN,2.00,false
10,16,Seattle,DEF,11.00,true
